hidden_channels,lr,weight_decay,dropout,focal_gamma,focal_alpha,epochs,mean_auc,std_auc,mean_f1,mean_acc,mean_thr
512,0.001,0.0001,0.3,2,0.75,700,0.9998125,0.0003749999999999698,0.9987421383647799,0.99875,-1.612476748228073
512,0.001,1e-05,0.3,1,0.75,1000,0.9997503858024691,0.00042627873315138415,0.9974999023399352,0.9975077639751554,0.9807857275009155
512,0.001,1e-05,0.3,1,0.75,400,0.99975,0.0004999999999999894,0.9987421383647799,0.99875,-1.3531850397586822
512,0.001,1e-05,0.3,1,0.5,400,0.9996875,0.0006250000000000089,0.9987421383647799,0.99875,0.24018207788467408
512,0.0002,1e-05,0.3,1,0.5,400,0.9996257716049384,0.000606041526724052,0.9975151444997492,0.9975077639751554,1.3385023474693298
512,0.0002,1e-05,0.3,1,0.5,700,0.9995956790123458,0.0005177831351977807,0.9975151444997492,0.9975077639751554,1.4121593713760376
512,0.0002,1e-05,0.3,1,0.5,1000,0.9995941358024691,0.0007369954183092324,0.9974999023399352,0.9975077639751554,1.253629469871521
512,0.0002,1e-05,0.3,2,0.5,400,0.9995941358024691,0.0007369954183092324,0.9974999023399352,0.9975077639751554,0.7522242859005928
512,0.0002,0.0001,0.3,2,0.75,1000,0.9995941358024691,0.0007369954183092324,0.9974999023399352,0.9975077639751554,0.30653245449066163
512,0.0002,1e-05,0.3,2,0.75,400,0.9995941358024691,0.0007369954183092324,0.9974999023399352,0.9975077639751554,0.2165900707244873
512,0.0002,1e-05,0.3,2,0.75,1000,0.9995937500000001,0.0008124999999999716,0.9987421383647799,0.99875,0.11784887313842773
512,0.0002,0.0001,0.3,2,0.5,1000,0.9995625,0.0008750000000000036,0.9987421383647799,0.99875,0.10238237380981445
512,0.0002,1e-05,0.3,2,0.5,1000,0.9995625,0.0008750000000000036,0.9987421383647799,0.99875,0.04076967239379883
512,0.0002,0.0001,0.5,1,0.5,400,0.9995324074074073,0.0007261880668034053,0.9975151444997492,0.9975077639751554,1.0360275514423847
512,0.0002,0.0001,0.3,1,0.75,1000,0.9995316358024692,0.0008616433263928928,0.9974999023399352,0.9975077639751554,0.9578660488128662
512,0.0002,1e-05,0.5,2,0.75,1000,0.9995312500000001,0.0009374999999999911,0.9987421383647799,0.99875,1.2134863257408142
512,0.0002,0.0001,0.3,2,0.75,700,0.9995312500000001,0.0009374999999999911,0.9987421383647799,0.99875,0.29592870473861693
512,0.0002,0.0001,0.3,1,0.5,400,0.9995003858024691,0.0009240029543089724,0.9974999023399352,0.9975077639751554,1.757171481847763
512,0.0002,1e-05,0.3,2,0.75,700,0.9995003858024691,0.0009240029543089724,0.9974999023399352,0.9975077639751554,0.3836874127388
512,0.0002,1e-05,0.3,2,0.5,700,0.9995,0.0009999999999999788,0.9987421383647799,0.99875,0.22757343351840972
512,0.0002,0.0001,0.3,2,0.5,700,0.9995,0.0009999999999999788,0.9987421383647799,0.99875,0.3469706892967224
512,0.001,1e-05,0.5,1,0.5,400,0.9995,0.0009999999999999788,0.9987421383647799,0.99875,-3.3400653839111327
512,0.0002,0.0001,0.5,2,0.5,700,0.9994687499999999,0.0010625000000000107,0.9987421383647799,0.99875,0.7824166208505631
512,0.0002,0.0001,0.5,1,0.5,1000,0.9994402006172839,0.0007147248718707429,0.9975151444997492,0.9975077639751554,2.973745560646057
512,0.0002,0.0001,0.5,2,0.5,400,0.9994386574074074,0.0009090622900860551,0.9975151444997492,0.9975077639751554,0.7162655800580978
256,0.001,1e-05,0.3,1,0.5,400,0.9994378858024691,0.0010487723465463761,0.9974999023399352,0.9975077639751554,0.16233938932418823
512,0.0002,0.0001,0.3,2,0.5,400,0.9994378858024691,0.0010487723465463761,0.9974999023399352,0.9975077639751554,0.35367575883865354
512,0.0002,0.0001,0.3,1,0.5,1000,0.9994097222222222,0.0007250212853410153,0.9975151444997492,0.9975077639751554,1.0108414158225059
512,0.0002,1e-05,0.5,1,0.75,1000,0.999408950617284,0.0007662716920589836,0.9975151444997492,0.9975077639751554,3.003555142879486
512,0.0002,0.0001,0.5,1,0.75,700,0.9994085648148149,0.0008042807335037164,0.9975151444997492,0.9975077639751554,1.8394551157951355
256,0.001,1e-05,0.3,1,0.5,700,0.9994081790123458,0.000851970659544618,0.9975151444997492,0.9975077639751554,0.5043465733528137
512,0.0002,0.0001,0.5,2,0.5,1000,0.9994066358024691,0.001111176481273199,0.9974999023399352,0.9975077639751554,0.5592783063650131
256,0.001,1e-05,0.5,1,0.75,1000,0.99940625,0.0011875000000000301,0.9987421383647799,0.99875,1.1822830200195313
512,0.0002,0.0001,0.5,2,0.75,700,0.99940625,0.0011875000000000301,0.9987421383647799,0.99875,0.6152832865715027
512,0.001,1e-05,0.3,1,0.75,700,0.99940625,0.0011875000000000301,0.9987421383647799,0.99875,-0.47590466737747195
256,0.001,0.0001,0.5,2,0.5,700,0.99940625,0.0011875000000000301,0.9987421383647799,0.99875,-1.5261731147766113
512,0.001,0.0001,0.5,1,0.75,700,0.999378086419753,0.0007881497822471579,0.9975151444997492,0.9975077639751554,-1.1652371644973756
512,0.0002,1e-05,0.5,1,0.5,700,0.9993769290123456,0.0009107635219948568,0.9975151444997492,0.9975077639751554,2.564437997341156
512,0.0002,0.0001,0.5,2,0.75,1000,0.9993753858024691,0.0011735908188926347,0.9974999023399352,0.9975077639751554,0.5521450877189636
512,0.0002,0.0001,0.3,1,0.75,700,0.9993472222222222,0.0008141306049862895,0.9975151444997492,0.9975077639751554,1.3833391666412354
512,0.0002,1e-05,0.3,1,0.75,700,0.9993175154320987,0.0008571280648019269,0.9975151444997492,0.9975077639751554,0.7966223120689392
512,0.0002,0.0001,0.3,1,0.75,400,0.9993155864197532,0.0008907529858077089,0.9975151444997492,0.9975077639751554,0.7873547442257405
512,0.0002,1e-05,0.5,2,0.75,700,0.9993124999999999,0.001374999999999993,0.9987421383647799,0.99875,1.0740454852581025
256,0.001,0.0001,0.3,1,0.5,400,0.9993124999999999,0.001374999999999993,0.9987421383647799,0.99875,0.36255624890327454
256,0.0002,0.0001,0.3,2,0.5,400,0.9992847222222222,0.000911707968459797,0.9975151444997492,0.9975077639751554,1.3802893042564393
512,0.0002,1e-05,0.5,1,0.5,1000,0.9992847222222222,0.000911707968459797,0.9975151444997492,0.9975077639751554,2.044166886806488
256,0.001,0.0001,0.5,1,0.75,1000,0.9992839506172839,0.0009852207673267288,0.9975151444997492,0.9975077639751554,2.111937713623047
512,0.0002,0.0001,0.5,1,0.75,400,0.9992835648148148,0.0010340798818220202,0.9975151444997492,0.9975077639751554,1.0833807945251466
256,0.001,0.0001,0.3,1,0.5,1000,0.9992812499999999,0.001437500000000025,0.9987421383647799,0.99875,0.4931375980377197
256,0.001,1e-05,0.3,1,0.75,400,0.9992812499999999,0.001437500000000025,0.9987421383647799,0.99875,1.3001688182353974
512,0.0002,0.0001,0.3,1,0.5,700,0.9992538580246914,0.0009362706592084507,0.9975151444997492,0.9975077639751554,0.870089653134346
512,0.0002,1e-05,0.3,1,0.75,1000,0.9992538580246914,0.0009362706592084507,0.9975151444997492,0.9975077639751554,1.1773749351501466
512,0.0002,1e-05,0.5,1,0.5,400,0.999253472222222,0.0009628767099904119,0.9975151444997492,0.9975077639751554,1.0216931402683258
512,0.0002,0.0001,0.5,2,0.75,400,0.999250385802469,0.0014233233507556793,0.9974999023399352,0.9975077639751554,0.6957026183605194
256,0.001,1e-05,0.3,2,0.75,700,0.99925,0.0015000000000000124,0.9987421383647799,0.99875,0.010949993133544922
512,0.0002,1e-05,0.5,1,0.75,700,0.9992226080246913,0.0009851872278089165,0.9975151444997492,0.9975077639751554,1.986402201652527
256,0.001,0.0001,0.3,1,0.75,1000,0.9991875,0.0016249999999999431,0.9987421383647799,0.99875,2.0972893238067627
512,0.001,0.0001,0.3,1,0.75,400,0.9991875,0.0016249999999999431,0.9987421383647799,0.99875,0.4259071350097656
512,0.0002,1e-05,0.5,2,0.5,700,0.9991875,0.0016249999999999431,0.9987421383647799,0.99875,0.34697644114494325
512,0.0002,1e-05,0.5,1,0.75,400,0.9991577932098765,0.001396389426452361,0.9975151444997492,0.9975077639751554,0.301683509349823
512,0.001,0.0001,0.3,1,0.5,700,0.9991562500000001,0.0016874999999999753,0.9987421383647799,0.99875,-0.039775729179382324
512,0.0002,0.0001,0.5,1,0.5,700,0.9991296296296298,0.001085507473314995,0.9975151444997492,0.9975077639751554,2.31973283290863
512,0.0002,1e-05,0.5,2,0.75,400,0.9991253858024691,0.001673135771963384,0.9974999023399352,0.9975077639751554,1.2175433695316316
256,0.001,1e-05,0.5,2,0.5,400,0.999125,0.0017500000000000072,0.9987421383647799,0.99875,-1.490300726890564
256,0.001,1e-05,0.5,1,0.75,700,0.9990941358024692,0.001735597317662694,0.9974999023399352,0.9975077639751554,1.3225269675254823
512,0.0002,1e-05,0.5,2,0.5,1000,0.999062885802469,0.0017980615358580965,0.9974999023399352,0.9975077639751554,0.8774981901049614
512,0.001,0.0001,0.5,1,0.5,400,0.999062885802469,0.0017980615358580965,0.9974999023399352,0.9975077639751554,-1.389890718460083
256,0.001,1e-05,0.3,1,0.5,1000,0.9990324074074074,0.001713113106532979,0.9975151444997492,0.9975077639751554,0.3348697781562805
256,0.0002,0.0001,0.5,1,0.5,700,0.9990038580246914,0.001359147438521768,0.9975151444997492,0.9975077639751554,3.391195273399353
256,0.001,1e-05,0.5,1,0.5,400,0.999,0.0020000000000000018,0.9987421383647799,0.99875,-0.15929102897644043
512,0.0002,1e-05,0.5,2,0.5,400,0.9989691358024692,0.0019854677030098503,0.9974999023399352,0.9975077639751554,1.011368101835251
512,0.001,0.0001,0.3,1,0.75,1000,0.9989687500000001,0.0020624999999999893,0.9987421383647799,0.99875,-0.36194448471069335
512,0.0002,0.0001,0.5,1,0.75,1000,0.9989421296296296,0.0013892669238608681,0.9975151444997492,0.9975077639751554,3.1825030595064163
256,0.001,1e-05,0.3,1,0.75,1000,0.9989378858024691,0.002047940242621713,0.9974999023399352,0.9975077639751554,1.5986804008483886
256,0.0002,0.0001,0.5,2,0.75,400,0.9989104938271606,0.0014838458499201546,0.9975151444997492,0.9975077639751554,0.5447369143366814
256,0.0002,0.0001,0.5,2,0.5,400,0.9989081790123457,0.0018225073434887749,0.9975151444997492,0.9975077639751554,0.9739693880081177
256,0.001,1e-05,0.5,1,0.5,1000,0.998906635802469,0.002110414408357737,0.9974999023399352,0.9975077639751554,-0.6102092504501343
512,0.001,1e-05,0.3,1,0.5,700,0.99884375,0.002312499999999984,0.9987421383647799,0.99875,0.12424063682556152
256,0.001,1e-05,0.5,2,0.5,700,0.99884375,0.002312499999999984,0.9987421383647799,0.99875,-0.7221276521682739
512,0.001,0.0001,0.3,1,0.5,1000,0.9988125,0.0023749999999999713,0.9987421383647799,0.99875,0.036654317378997804
256,0.0002,0.0001,0.3,2,0.5,1000,0.9987881944444444,0.0014926679083332012,0.9975151444997492,0.9975077639751554,2.1309645533561707
256,0.001,1e-05,0.3,1,0.75,700,0.9987851080246914,0.001762606633779329,0.9975151444997492,0.9975077639751554,1.6014083743095398
128,0.001,1e-05,0.3,2,0.75,1000,0.9987843364197531,0.0018760001206590824,0.9975151444997492,0.9975077639751554,1.112402606010437
512,0.001,0.0001,0.3,1,0.5,400,0.9987812500000001,0.0024375000000000035,0.9987421383647799,0.99875,-2.34741632938385
128,0.001,0.0001,0.3,2,0.75,400,0.9987195216049383,0.0024096026365491626,0.9975151444997492,0.9975077639751554,0.7103264033794403
128,0.001,1e-05,0.3,2,0.5,700,0.9987187500000001,0.002562499999999979,0.9987421383647799,0.99875,0.5272920370101929
256,0.0002,1e-05,0.5,2,0.75,700,0.9986913580246913,0.0019400400833674558,0.9975151444997492,0.9975077639751554,1.3674106836318969
128,0.0002,0.0001,0.5,2,0.5,400,0.9986658950617283,0.0016670531387765995,0.9975151444997492,0.9975077639751554,2.5068003654479982
512,0.001,1e-05,0.5,2,0.5,1000,0.99865625,0.002687499999999998,0.9987421383647799,0.99875,-0.48031302690505984
256,0.0002,1e-05,0.3,2,0.5,1000,0.9986354166666667,0.0017381793236346786,0.9975151444997492,0.9975077639751554,1.7173422157764435
512,0.0002,0.0001,0.3,2,0.75,400,0.9986253858024691,0.0026727362596958085,0.9974999023399352,0.9975077639751554,0.5225891590118408
256,0.001,0.0001,0.3,2,0.75,1000,0.9986253858024691,0.0026727362596958085,0.9974999023399352,0.9975077639751554,-0.3528018295764923
128,0.0002,0.0001,0.5,2,0.5,700,0.9986045524691358,0.0017883081006537722,0.9975151444997492,0.9975077639751554,1.5766261309385299
256,0.0002,1e-05,0.5,2,0.5,1000,0.9986033950617283,0.0017261200856895779,0.9975151444997492,0.9975077639751554,0.8596367359161377
256,0.0002,1e-05,0.5,2,0.75,400,0.9986030092592593,0.0017161647379404527,0.9975151444997492,0.9975077639751554,0.6535501189529895
256,0.001,0.0001,0.5,2,0.75,400,0.9985941358024691,0.002735220987698616,0.9974999023399352,0.9975077639751554,-0.9033092498779297
256,0.001,0.0001,0.5,1,0.5,1000,0.9985937500000001,0.0028124999999999734,0.9987421383647799,0.99875,-1.186913537979126
256,0.001,1e-05,0.3,2,0.75,1000,0.998531635802469,0.0028601924457727916,0.9974999023399352,0.9975077639751554,0.17660801410675048
512,0.001,1e-05,0.5,1,0.75,1000,0.9985312499999999,0.002937499999999993,0.9987421383647799,0.99875,-1.3214982151985168
256,0.0002,1e-05,0.3,2,0.75,1000,0.9985081018518519,0.0018531838380990073,0.9975151444997492,0.9975077639751554,1.3346420407295227
256,0.0002,1e-05,0.5,1,0.5,400,0.998480324074074,0.0019339013661947776,0.9975151444997492,0.9975077639751554,3.0646443128585816
256,0.001,0.0001,0.5,2,0.75,1000,0.99846875,0.003062499999999968,0.9987421383647799,0.99875,0.19623383283615112
256,0.001,0.0001,0.3,2,0.5,1000,0.99846875,0.003062499999999968,0.9987421383647799,0.99875,-1.3427747368812561
256,0.0002,0.0001,0.3,2,0.75,400,0.9984448302469137,0.0019983169132133955,0.9975151444997492,0.9975077639751554,0.9742290437221527
256,0.0002,1e-05,0.3,2,0.5,400,0.9983865740740739,0.002011673962912197,0.9975151444997492,0.9975077639751554,1.007889237999916
256,0.001,0.0001,0.3,1,0.75,400,0.998377700617284,0.0027366451549660064,0.9975151444997492,0.9975077639751554,1.227141761779785
256,0.001,1e-05,0.5,2,0.75,1000,0.998375,0.003249999999999975,0.9987421383647799,0.99875,-1.1097290754318236
256,0.0002,0.0001,0.3,2,0.5,700,0.9983576388888888,0.0022105705823118826,0.9975151444997492,0.9975077639751554,1.050395530462265
512,0.001,0.0001,0.5,1,0.75,1000,0.9983441358024692,0.003235120052298135,0.9974999023399352,0.9975077639751554,-3.0133857250213625
128,0.0002,1e-05,0.5,2,0.75,1000,0.9983252314814814,0.0021296409520632667,0.9975151444997492,0.9975077639751554,3.6847122073173524
256,0.0002,0.0001,0.5,2,0.5,700,0.998292438271605,0.002095397738356163,0.9975151444997492,0.9975077639751554,0.8157586097717285
512,0.001,1e-05,0.5,1,0.5,1000,0.9982820216049383,0.003283812193226907,0.9975151444997492,0.9975077639751554,-3.087860870361328
128,0.0002,1e-05,0.5,2,0.75,700,0.9982619598765432,0.002146674414874437,0.9975151444997492,0.9975077639751554,1.5384584426879884
256,0.001,0.0001,0.3,2,0.5,700,0.998250385802469,0.0034225898038977,0.9974999023399352,0.9975077639751554,-0.7184830993413925
256,0.0002,0.0001,0.5,2,0.75,700,0.9981917438271605,0.002844760909614098,0.9975151444997492,0.9975077639751554,1.401969575881958
512,0.001,1e-05,0.5,2,0.75,1000,0.9981875,0.0036249999999999893,0.9987421383647799,0.99875,0.5675238609313965
512,0.001,1e-05,0.5,1,0.75,400,0.9981875,0.0036249999999999893,0.9987421383647799,0.99875,-0.5952825903892517
512,0.001,0.0001,0.5,2,0.75,400,0.9981875,0.0036249999999999893,0.9987421383647799,0.99875,-1.5378528356552124
256,0.0002,0.0001,0.5,1,0.75,700,0.9981724537037037,0.0025442342239564075,0.9975151444997492,0.9975077639751554,2.3116599559783935
256,0.001,1e-05,0.5,2,0.5,1000,0.9981562499999999,0.003687499999999977,0.9987421383647799,0.99875,-1.734107756614685
512,0.0002,1e-05,0.3,1,0.75,400,0.998141975308642,0.0026493205842242126,0.9975151444997492,0.9975077639751554,0.3079583466053009
256,0.001,0.0001,0.3,2,0.5,400,0.998125385802469,0.003672554276843534,0.9974999023399352,0.9975077639751554,0.052466535568237306
256,0.001,0.0001,0.3,2,0.75,700,0.9981249999999999,0.0037499999999999643,0.9987421383647799,0.99875,-0.47344045639038085
256,0.0002,1e-05,0.3,2,0.75,400,0.9980983796296297,0.0029653572863541588,0.9975151444997492,0.9975077639751554,1.0126759469509126
256,0.0002,0.0001,0.5,2,0.5,1000,0.9980698302469136,0.002649944465610551,0.9975151444997492,0.9975077639751554,2.014538824558258
256,0.001,1e-05,0.3,2,0.5,700,0.998062885802469,0.0037975382673082468,0.9974999023399352,0.9975077639751554,-0.5311390519142151
256,0.001,0.0001,0.5,1,0.75,400,0.9980331790123458,0.0035604032480430437,0.9975151444997492,0.9975077639751554,-0.16534970998764037
256,0.001,1e-05,0.3,2,0.5,1000,0.9980316358024691,0.0038600306513452386,0.9974999023399352,0.9975077639751554,-0.9073606014251709
512,0.001,1e-05,0.5,2,0.5,700,0.99803125,0.003937499999999971,0.9987421383647799,0.99875,-0.06132553517818451
256,0.0002,0.0001,0.5,1,0.5,400,0.9980196759259259,0.0030482876877852712,0.9975151444997492,0.9975077639751554,2.887859749794006
512,0.001,1e-05,0.5,2,0.5,400,0.998,0.0040000000000000036,0.9987421383647799,0.99875,-0.26671433448791504
128,0.001,0.0001,0.5,2,0.75,1000,0.997971450617284,0.0035417729078446292,0.9975151444997492,0.9975077639751554,2.0730788946151733
512,0.001,0.0001,0.5,2,0.5,400,0.9979687500000001,0.0040624999999999915,0.9987421383647799,0.99875,-0.19775824546813964
256,0.001,0.0001,0.3,1,0.5,700,0.9979687500000001,0.0040624999999999915,0.9987421383647799,0.99875,-0.6176117599010468
256,0.0002,1e-05,0.3,2,0.5,700,0.9979540895061728,0.0026840329628425984,0.9975151444997492,0.9975077639751554,1.3462321937084198
256,0.001,0.0001,0.5,2,0.5,1000,0.9979378858024692,0.004047509214601959,0.9974999023399352,0.9975077639751554,-2.108568859100342
128,0.001,1e-05,0.5,2,0.5,1000,0.9979375000000001,0.0041249999999999785,0.9987421383647799,0.99875,0.5411872625350952
512,0.001,1e-05,0.3,2,0.75,700,0.9979375000000001,0.0041249999999999785,0.9987421383647799,0.99875,-0.8876182019710541
256,0.001,0.0001,0.3,1,0.75,700,0.9979070216049383,0.004033407520210338,0.9975151444997492,0.9975077639751554,0.31552950143814085
256,0.001,1e-05,0.5,2,0.75,700,0.9979066358024692,0.004110002503641815,0.9974999023399352,0.9975077639751554,0.2177819013595581
128,0.001,0.0001,0.5,2,0.75,700,0.9979062500000001,0.004187499999999966,0.9987421383647799,0.99875,2.3219441801309584
256,0.0002,0.0001,0.3,2,0.75,1000,0.9978942901234568,0.003009235913173102,0.9975151444997492,0.9975077639751554,1.6682373464107514
256,0.0002,1e-05,0.5,2,0.5,400,0.997892361111111,0.0027903275533417687,0.9975151444997492,0.9975077639751554,0.5133025079965592
512,0.001,1e-05,0.3,2,0.75,1000,0.9978753858024693,0.004172495993718412,0.9974999023399352,0.9975077639751554,-1.0474034786224364
128,0.001,0.0001,0.3,2,0.5,700,0.9978753858024693,0.004172495993718412,0.9974999023399352,0.9975077639751554,1.2396560966968537
512,0.001,1e-05,0.3,2,0.5,1000,0.997875,0.004249999999999998,0.9987421383647799,0.99875,-1.9262076377868653
512,0.001,0.0001,0.3,2,0.75,400,0.9978441358024691,0.004234989675932019,0.9974999023399352,0.9975077639751554,-1.2609567165374755
128,0.001,1e-05,0.5,2,0.75,1000,0.99784375,0.0043124999999999865,0.9987421383647799,0.99875,2.543750357627869
128,0.001,1e-05,0.3,2,0.75,700,0.99784375,0.0043124999999999865,0.9987421383647799,0.99875,2.679202604293823
128,0.0002,1e-05,0.5,2,0.5,1000,0.997826774691358,0.002667398095170202,0.9975151444997492,0.9975077639751554,1.6623638041317463
256,0.0002,1e-05,0.3,2,0.75,700,0.9978163580246914,0.003645014686977546,0.9975151444997492,0.9975077639751554,1.0245330452919006
128,0.001,1e-05,0.5,2,0.75,700,0.9978148148148149,0.00392382892982194,0.9975151444997492,0.9975077639751554,1.9730363190174103
512,0.001,0.0001,0.3,1,0.75,700,0.9978136574074075,0.0041450836326098845,0.9975151444997492,0.9975077639751554,-0.010550570487976075
512,0.001,0.0001,0.3,2,0.5,1000,0.9978128858024691,0.004297483541900423,0.9974999023399352,0.9975077639751554,-2.1200342655181883
512,0.001,1e-05,0.3,1,0.5,1000,0.9978125,0.0043749999999999735,0.9987421383647799,0.99875,-2.004711997509003
256,0.001,0.0001,0.5,1,0.75,700,0.9978125,0.0043749999999999735,0.9987421383647799,0.99875,2.1586050987243652
512,0.001,1e-05,0.5,1,0.5,700,0.9977824074074075,0.004207525999241549,0.9975151444997492,0.9975077639751554,-1.7916815757751465
256,0.001,1e-05,0.3,2,0.5,400,0.9977816358024691,0.004359977583722101,0.9974999023399352,0.9975077639751554,-0.25147358179092405
512,0.001,0.0001,0.5,2,0.5,700,0.9977816358024691,0.004359977583722101,0.9974999023399352,0.9975077639751554,-2.2868932247161866
256,0.001,0.0001,0.5,2,0.5,400,0.9977812499999998,0.004437500000000006,0.9987421383647799,0.99875,-0.957870602607727
128,0.001,0.0001,0.5,2,0.5,700,0.9977812499999998,0.004437500000000006,0.9987421383647799,0.99875,1.5806816637516021
256,0.001,1e-05,0.5,2,0.75,400,0.9977812499999998,0.004437500000000006,0.9987421383647799,0.99875,-0.2705086708068848
128,0.001,0.0001,0.5,2,0.5,400,0.9977534722222222,0.003836508598362374,0.9975151444997492,0.9975077639751554,0.9419751405715943
512,0.001,0.0001,0.5,2,0.75,700,0.9977499999999999,0.004499999999999993,0.9987421383647799,0.99875,-0.7100661396980286
256,0.0002,0.0001,0.5,1,0.75,400,0.9977399691358023,0.003298840238233824,0.9975151444997492,0.9975077639751554,3.27328782081604
128,0.0002,0.0001,0.5,2,0.75,700,0.9977372685185186,0.0029842488091771503,0.9975151444997492,0.9975077639751554,1.8955401659011841
256,0.001,0.0001,0.5,1,0.5,700,0.9977229938271606,0.0037631232169344827,0.9975151444997492,0.9975077639751554,0.2573696613311768
256,0.001,1e-05,0.5,1,0.75,400,0.9977191358024691,0.0044849661655209875,0.9974999023399352,0.9975077639751554,-1.0064581394195558
512,0.001,0.0001,0.3,2,0.5,700,0.99771875,0.004562499999999981,0.9987421383647799,0.99875,-1.8172800898551942
512,0.001,1e-05,0.5,1,0.75,700,0.99771875,0.004562499999999981,0.9987421383647799,0.99875,-1.1560102939605712
512,0.001,1e-05,0.5,2,0.75,400,0.99771875,0.004562499999999981,0.9987421383647799,0.99875,-0.41400489807128904
512,0.001,1e-05,0.3,2,0.75,400,0.99771875,0.004562499999999981,0.9987421383647799,0.99875,-1.992771464586258
256,0.0002,0.0001,0.5,2,0.75,1000,0.9977083333333333,0.0032542706982944306,0.9975151444997492,0.9975077639751554,1.3704984664916993
128,0.001,1e-05,0.3,2,0.5,400,0.9976875,0.0046249999999999685,0.9987421383647799,0.99875,0.7754353821277619
256,0.001,0.0001,0.5,2,0.75,700,0.9976875,0.0046249999999999685,0.9987421383647799,0.99875,0.3789805889129639
512,0.001,0.0001,0.3,2,0.5,400,0.9976875,0.0046249999999999685,0.9987421383647799,0.99875,-1.2234119862318038
512,0.001,1e-05,0.5,2,0.75,700,0.9976875,0.0046249999999999685,0.9987421383647799,0.99875,-1.1886955738067626
512,0.001,1e-05,0.3,2,0.5,700,0.99765625,0.0046875,0.9987421383647799,0.99875,-2.123310947418213
128,0.001,1e-05,0.3,2,0.5,1000,0.99765625,0.0046875,0.9987421383647799,0.99875,2.2968818664550783
128,0.001,0.0001,0.3,2,0.5,1000,0.99765625,0.0046875,0.9987421383647799,0.99875,0.7030662894248962
512,0.001,1e-05,0.3,2,0.5,400,0.99765625,0.0046875,0.9987421383647799,0.99875,-1.6558218717575073
256,0.001,1e-05,0.3,2,0.75,400,0.99765625,0.0046875,0.9987421383647799,0.99875,-0.9904735326766968
512,0.001,0.0001,0.5,1,0.5,700,0.99765625,0.0046875,0.9987421383647799,0.99875,-0.9311260461807251
128,0.0002,0.0001,0.5,2,0.75,1000,0.9976462191358024,0.003319802875225203,0.9975151444997492,0.9975077639751554,2.8837531566619874
128,0.001,1e-05,0.5,2,0.5,400,0.9976292438271605,0.003947875401836281,0.9975151444997492,0.9975077639751554,1.3553202867507934
128,0.001,1e-05,0.5,2,0.5,700,0.9976257716049384,0.004595690671908508,0.9975151444997492,0.9975077639751554,0.13988667726516724
512,0.001,0.0001,0.5,2,0.5,1000,0.9976253858024691,0.004672450183664996,0.9974999023399352,0.9975077639751554,-1.8027552604675292
512,0.001,0.0001,0.5,1,0.5,1000,0.9976253858024691,0.004672450183664996,0.9974999023399352,0.9975077639751554,-2.9173257827758787
256,0.001,0.0001,0.5,1,0.5,400,0.9976253858024691,0.004672450183664996,0.9974999023399352,0.9975077639751554,0.1336071491241455
128,0.001,1e-05,0.3,2,0.75,400,0.997625,0.004749999999999988,0.9987421383647799,0.99875,1.9310680866241454
512,0.001,0.0001,0.3,2,0.75,1000,0.997625,0.004749999999999988,0.9987421383647799,0.99875,-1.014542531967163
128,0.001,0.0001,0.5,2,0.5,1000,0.997596450617284,0.004287437264113029,0.9975151444997492,0.9975077639751554,0.8756377100944519
512,0.001,0.0001,0.5,1,0.75,400,0.9975937500000001,0.004812499999999976,0.9987421383647799,0.99875,-2.2449240565299986
128,0.001,0.0001,0.5,2,0.75,400,0.9975358796296296,0.004066070236612611,0.9975151444997492,0.9975077639751554,2.2894739627838137
256,0.001,1e-05,0.5,1,0.5,700,0.9975324074074073,0.004707120004630984,0.9975151444997492,0.9975077639751554,-0.5979637861251831
512,0.001,0.0001,0.5,2,0.75,1000,0.9975316358024692,0.004859935434940846,0.9974999023399352,0.9975077639751554,-1.1047532677650451
256,0.001,0.0001,0.3,2,0.75,400,0.9975316358024692,0.004859935434940846,0.9974999023399352,0.9975077639751554,0.03336164951324463
128,0.0002,0.0001,0.5,2,0.5,1000,0.9974926697530865,0.003712807179520822,0.9975151444997492,0.9975077639751554,3.255742144584656
128,0.001,0.0001,0.3,2,0.75,1000,0.9974726080246914,0.004324678827411075,0.9975151444997492,0.9975077639751554,2.6556567668914797
256,0.0002,0.0001,0.3,2,0.75,700,0.997460262345679,0.0035654902391776652,0.9975151444997492,0.9975077639751554,1.2940300695598126
256,0.0002,1e-05,0.5,1,0.75,1000,0.9974317129629628,0.00394495043811588,0.9975151444997492,0.9975077639751554,3.281075793504715
128,0.001,0.0001,0.5,1,0.5,1000,0.9974108796296296,0.004312375746207036,0.9975151444997492,0.9975077639751554,2.91530385017395
128,0.001,1e-05,0.5,2,0.75,400,0.9974101080246914,0.004448512865367912,0.9975151444997492,0.9975077639751554,2.6012006759643556
256,0.0002,1e-05,0.5,1,0.75,700,0.9973699845679013,0.004064262950927961,0.9975151444997492,0.9975077639751554,3.4743555068969725
128,0.001,0.0001,0.3,2,0.5,400,0.9973514660493826,0.003939587301149186,0.9975151444997492,0.9975077639751554,1.4682731822133064
128,0.001,0.0001,0.5,1,0.75,1000,0.9973503086419754,0.004115065711885805,0.9975151444997492,0.9975077639751554,6.379472637176514
256,0.0002,1e-05,0.5,1,0.5,700,0.9973356481481481,0.0036535991659689504,0.9975151444997492,0.9975077639751554,1.7036964774131775
256,0.0002,1e-05,0.5,2,0.5,700,0.9973217592592594,0.0037868247925672586,0.9975151444997492,0.9975077639751554,1.1041868686676026
128,0.0002,0.0001,0.3,1,0.5,1000,0.9973124999999999,0.004919667163538595,0.9975151444997492,0.9975077639751554,-0.08122873026877642
128,0.0002,1e-05,0.3,1,0.75,700,0.9973124999999999,0.004919667163538595,0.9975151444997492,0.9975077639751554,-0.09240866377949715
256,0.0002,0.0001,0.5,1,0.75,1000,0.9973078703703703,0.0041244491879828225,0.9975151444997492,0.9975077639751554,3.4540455102920533
128,0.0002,1e-05,0.5,2,0.5,400,0.9973063271604939,0.003902698450247984,0.9975151444997492,0.9975077639751554,1.4966268077492715
128,0.001,0.0001,0.5,1,0.5,400,0.9972966820987654,0.0033315153685910277,0.9975151444997492,0.9975077639751554,4.04674973487854
128,0.0002,1e-05,0.3,1,0.5,700,0.99728125,0.004908936366464717,0.9975151444997492,0.9975077639751554,0.026077615097165108
128,0.0002,1e-05,0.3,1,0.75,400,0.99728125,0.004908936366464717,0.9975151444997492,0.9975077639751554,0.018030140548944473
128,0.0002,0.0001,0.3,1,0.5,700,0.99728125,0.004908936366464717,0.9975151444997492,0.9975077639751554,-0.059683086210861803
128,0.0002,0.0001,0.5,1,0.5,1000,0.99728125,0.004908936366464717,0.9975151444997492,0.9975077639751554,0.021254505310207606
128,0.0002,0.0001,0.3,1,0.5,400,0.99728125,0.004908936366464717,0.9975151444997492,0.9975077639751554,1.0350321643054485
256,0.0002,0.0001,0.3,1,0.75,400,0.99728125,0.004908936366464717,0.9975151444997492,0.9975077639751554,1.0563492089509965
256,0.0002,1e-05,0.3,1,0.75,400,0.9972804783950618,0.004767132487147274,0.9975151444997492,0.9975077639751554,2.527382016181946
256,0.0002,1e-05,0.5,1,0.75,400,0.9972773919753086,0.0042436762739730865,0.9975151444997492,0.9975077639751554,2.1836794912815094
128,0.001,1e-05,0.3,1,0.5,1000,0.9972770061728395,0.004184017656898526,0.9975151444997492,0.9975077639751554,2.0187442183494566
128,0.0002,0.0001,0.5,2,0.75,400,0.9972766203703702,0.004125834521936176,0.9975151444997492,0.9975077639751554,1.8814555138349534
128,0.0002,1e-05,0.5,2,0.5,700,0.9972746913580247,0.0038593281748623477,0.9975151444997492,0.9975077639751554,1.7641881704330444
128,0.0002,0.0001,0.3,1,0.75,400,0.99725,0.00489897948556634,0.9975151444997492,0.9975077639751554,0.5207197101786732
128,0.0002,0.0001,0.3,2,0.75,700,0.9972492283950618,0.0047589262365271365,0.9975151444997492,0.9975077639751554,1.104804015159607
256,0.0002,0.0001,0.3,1,0.5,400,0.9972480709876542,0.00455665800431689,0.9975151444997492,0.9975077639751554,2.464007043838501
128,0.0002,1e-05,0.5,2,0.75,400,0.9972449845679012,0.00407274992802909,0.9975151444997492,0.9975077639751554,0.7230581283569336
256,0.0002,1e-05,0.5,1,0.5,1000,0.9972438271604938,0.00391658762044586,0.9975151444997492,0.9975077639751554,3.035305017232895
128,0.0002,1e-05,0.3,1,0.5,400,0.99721875,0.004889801248517142,0.9975151444997492,0.9975077639751554,0.4992020145058632
256,0.0002,1e-05,0.5,2,0.75,1000,0.9972087191358024,0.0035494015867721463,0.9975151444997492,0.9975077639751554,1.5389608308672904
128,0.001,1e-05,0.3,1,0.75,700,0.997181712962963,0.003982036594592289,0.9975151444997492,0.9975077639751554,1.8616761445999146
128,0.0002,1e-05,0.5,1,0.75,700,0.99715625,0.004873797928720458,0.9975151444997492,0.9975077639751554,0.7854648023843765
128,0.0002,1e-05,0.5,1,0.75,1000,0.9971547067901234,0.004608983348243041,0.9975151444997492,0.9975077639751554,1.4020374421030284
128,0.0002,1e-05,0.5,1,0.5,400,0.9971531635802469,0.0043635088846072315,0.9975151444997492,0.9975077639751554,1.3585877239704132
128,0.0002,1e-05,0.5,1,0.75,400,0.9971531635802469,0.0043635088846072315,0.9975151444997492,0.9975077639751554,1.0387569278478623
128,0.001,0.0001,0.3,2,0.75,700,0.9971346450617284,0.004084795869324181,0.9975151444997492,0.9975077639751554,1.6885197401046752
128,0.0002,1e-05,0.5,1,0.5,700,0.9971249999999999,0.004866980583482926,0.9975151444997492,0.9975077639751554,0.9848925165832043
128,0.0002,0.0001,0.3,2,0.75,400,0.9971249999999999,0.004866980583482926,0.9975151444997492,0.9975077639751554,0.604168195463717
256,0.0002,0.0001,0.3,1,0.5,1000,0.9971234567901235,0.004606005569228542,0.9975151444997492,0.9975077639751554,1.2225085943937302
128,0.0002,1e-05,0.3,2,0.5,1000,0.9971219135802469,0.00436482939355156,0.9975151444997492,0.9975077639751554,1.5577686548233032
256,0.0002,1e-05,0.3,1,0.5,400,0.99709375,0.004860957338837675,0.9975151444997492,0.9975077639751554,1.9833211183547974
256,0.0002,0.0001,0.3,1,0.75,700,0.99709375,0.004860957338837675,0.9975151444997492,0.9975077639751554,0.5734834104776383
128,0.0002,1e-05,0.5,1,0.5,1000,0.9970922067901234,0.004603874412182315,0.9975151444997492,0.9975077639751554,0.4652292627841234
128,0.001,0.0001,0.5,1,0.75,400,0.9970744598765432,0.0039240711640165845,0.9975151444997492,0.9975077639751554,3.702502489089966
256,0.0002,0.0001,0.3,1,0.75,1000,0.9970625,0.00485573114988874,0.9975151444997492,0.9975077639751554,0.5966978210955858
256,0.0002,0.0001,0.3,1,0.5,700,0.9970621141975308,0.004790680314874349,0.9975151444997492,0.9975077639751554,1.0899265885353089
256,0.0002,1e-05,0.3,1,0.5,1000,0.9970613425925926,0.004664062347416633,0.9975151444997492,0.9975077639751554,0.7656982064247131
128,0.001,1e-05,0.5,1,0.5,700,0.9970385802469135,0.004599191089754713,0.9975151444997492,0.9975077639751554,3.648354434967041
128,0.0002,1e-05,0.3,2,0.75,400,0.9970300925925926,0.0046625886980975065,0.9975151444997492,0.9975077639751554,0.2649456821382046
128,0.0002,0.0001,0.5,1,0.5,400,0.9970293209876543,0.004543043181657416,0.9975151444997492,0.9975077639751554,2.1221058845520018
128,0.0002,0.0001,0.3,2,0.5,400,0.9969999999999999,0.004847679857416312,0.9975151444997492,0.9975077639751554,1.223277984559536
128,0.0002,0.0001,0.3,2,0.5,1000,0.99696875,0.004844858744070855,0.9975151444997492,0.9975077639751554,0.3664235308766365
128,0.0002,0.0001,0.5,1,0.75,700,0.99696875,0.004844858744070855,0.9975151444997492,0.9975077639751554,0.1446618393063545
128,0.0002,1e-05,0.3,2,0.5,400,0.99696875,0.004844858744070855,0.9975151444997492,0.9975077639751554,0.3686870954930782
128,0.0002,1e-05,0.3,2,0.75,1000,0.9969675925925927,0.004662154270474185,0.9975151444997492,0.9975077639751554,0.94960036277771
128,0.001,1e-05,0.3,1,0.75,1000,0.996963348765432,0.004105144293655724,0.9975151444997492,0.9975077639751554,2.0524536952376367
128,0.0002,1e-05,0.3,2,0.5,700,0.9969374999999999,0.004842842656952612,0.9975151444997492,0.9975077639751554,0.9248736053705215
128,0.0002,0.0001,0.5,1,0.5,700,0.9969374999999999,0.004842842656952612,0.9975151444997492,0.9975077639751554,1.5622477523982525
128,0.0002,0.0001,0.5,1,0.75,400,0.9969374999999999,0.004842842656952612,0.9975151444997492,0.9975077639751554,1.4132333375513553
128,0.0002,0.0001,0.5,1,0.75,1000,0.9969374999999999,0.004842842656952612,0.9975151444997492,0.9975077639751554,0.43538070768117904
128,0.0002,1e-05,0.3,2,0.75,700,0.9969374999999999,0.004842842656952612,0.9975151444997492,0.9975077639751554,0.5234570994973182
128,0.001,1e-05,0.5,1,0.75,400,0.9969278549382716,0.003811429191160886,0.9975151444997492,0.9975077639751554,4.578507041931152
128,0.0002,0.0001,0.3,2,0.5,700,0.9969050925925927,0.00466507036557593,0.9975151444997492,0.9975077639751554,0.7289142072200775
128,0.001,1e-05,0.5,1,0.75,1000,0.9969039351851852,0.004500886424849712,0.9975151444997492,0.9975077639751554,4.5501621723175045
128,0.001,1e-05,0.3,1,0.5,400,0.9968861882716048,0.004350185262813204,0.9975151444997492,0.9975077639751554,3.0259510397911074
128,0.001,1e-05,0.3,1,0.5,700,0.9968726851851851,0.004506941472159416,0.9975151444997492,0.9975077639751554,3.5394724369049073
256,0.0002,1e-05,0.3,1,0.75,1000,0.99684375,0.004841632601716061,0.9975151444997492,0.9975077639751554,0.9905810959637165
256,0.0002,1e-05,0.3,1,0.5,700,0.99684375,0.004841632601716061,0.9975151444997492,0.9975077639751554,1.4473577678203582
128,0.001,0.0001,0.3,1,0.5,700,0.9968082561728396,0.004297536741003579,0.9975151444997492,0.9975077639751554,2.7310248613357544
128,0.001,1e-05,0.5,1,0.5,400,0.9967345679012347,0.00416455822282289,0.9975151444997492,0.9975077639751554,5.083832597732544
128,0.0002,0.0001,0.3,2,0.75,1000,0.99671875,0.004851304592581241,0.9975151444997492,0.9975077639751554,0.4199349142611027
256,0.0002,1e-05,0.3,1,0.75,700,0.9966875,0.004855731149888736,0.9975151444997492,0.9975077639751554,0.5688845127820968
256,0.0002,0.0001,0.5,1,0.5,1000,0.9966211419753087,0.004432194677682225,0.9975151444997492,0.9975077639751554,2.805113983154297
128,0.001,0.0001,0.3,1,0.5,1000,0.9964980709876542,0.004683173459288755,0.9975151444997492,0.9975077639751554,1.7797178044915198
128,0.001,1e-05,0.5,1,0.5,1000,0.9964540895061728,0.004565911898421187,0.9975151444997492,0.9975077639751554,2.1417664766311644
128,0.001,0.0001,0.5,1,0.5,700,0.9964216820987655,0.004720407908644949,0.9975151444997492,0.9975077639751554,4.584878396987915
128,0.001,1e-05,0.5,1,0.75,700,0.9962758487654322,0.004607341475754039,0.9975151444997492,0.9975077639751554,3.434454697370529
128,0.001,1e-05,0.3,1,0.75,400,0.9962438271604939,0.0046181503775448085,0.9975151444997492,0.9975077639751554,3.621425199508667
128,0.001,0.0001,0.3,1,0.75,1000,0.9959976851851853,0.005001159416329832,0.9975151444997492,0.9975077639751554,2.518328386545181
128,0.001,0.0001,0.5,1,0.75,700,0.9959301697530865,0.004999249831794401,0.9975151444997492,0.9975077639751554,3.300097703933716
128,0.001,0.0001,0.3,1,0.75,700,0.9958433641975308,0.005238684769176904,0.9975151444997492,0.9975077639751554,2.0181249603629112
128,0.001,0.0001,0.3,1,0.75,400,0.9955,0.005567764362830011,0.9975151444997492,0.9975077639751554,2.5818876676261424
128,0.001,0.0001,0.3,1,0.5,400,0.9954374999999999,0.005630552814777581,0.9975151444997492,0.9975077639751554,1.7205356329679489
128,0.0002,1e-05,0.3,1,0.75,1000,0.9950624999999998,0.006047985201701465,0.9962730061349694,0.9962577639751553,0.010122593492269516
128,0.0002,0.0001,0.3,1,0.75,700,0.9948750000000001,0.00627992834354021,0.9962730061349694,0.9962577639751553,-0.023800252377986907
128,0.0002,1e-05,0.3,1,0.5,1000,0.9914656635802469,0.008920889095554453,0.9938339817447254,0.9937732919254658,-0.010204499959945679
128,0.0002,0.0001,0.3,1,0.75,1000,0.98828125,0.0234375,0.9926829268292682,0.9925,0.013484430871903897
