Seed,Epoch,Loss,Train_AUC,Train_F1,Train_Acc,Val_AUC,Val_F1,Val_Acc,Test_AUC,Test_F1,Test_Acc
42,5,0.238809,0.8521,0.7759,0.7333,0.791,0.7586,0.7143,0.8315,0.768,0.7238
42,10,0.176113,0.8976,0.8155,0.8051,0.7943,0.7407,0.7143,0.8548,0.7863,0.7619
42,15,0.169171,0.9539,0.8515,0.8462,0.7843,0.7308,0.7143,0.8765,0.7826,0.7619
42,20,0.141961,0.9976,0.9712,0.9692,0.8077,0.7059,0.6939,0.8903,0.7928,0.781
42,25,0.08944,1.0,1.0,1.0,0.801,0.7308,0.7143,0.8686,0.8108,0.8
42,30,0.06427,1.0,1.0,1.0,0.811,0.7308,0.7143,0.8715,0.8108,0.8
42,35,0.032972,1.0,1.0,1.0,0.8177,0.6923,0.6735,0.8769,0.8411,0.8381
42,40,0.019248,1.0,1.0,1.0,0.8344,0.7059,0.6939,0.8794,0.8302,0.8286
42,45,0.009713,1.0,1.0,1.0,0.8378,0.7059,0.6939,0.8824,0.8148,0.8095
42,50,0.006251,1.0,1.0,1.0,0.8629,0.7719,0.7347,0.8809,0.8,0.781
42,55,0.008372,1.0,1.0,1.0,0.8512,0.7407,0.7143,0.8718,0.807,0.7905
42,60,0.004972,1.0,1.0,1.0,0.8227,0.7308,0.7143,0.87,0.789,0.781
42,65,0.002906,1.0,1.0,1.0,0.8127,0.7059,0.6939,0.8577,0.789,0.781
42,70,0.00138,1.0,1.0,1.0,0.8227,0.7407,0.7143,0.8656,0.8108,0.8
42,75,0.001341,1.0,1.0,1.0,0.8261,0.7451,0.7347,0.8787,0.8148,0.8095
42,80,0.000828,1.0,1.0,1.0,0.8378,0.7451,0.7347,0.8871,0.7636,0.7524
42,85,0.000288,1.0,1.0,1.0,0.8462,0.72,0.7143,0.8907,0.7818,0.7714
42,90,0.00099,1.0,1.0,1.0,0.8462,0.6923,0.6735,0.8983,0.8036,0.7905
42,95,0.00012,1.0,1.0,1.0,0.8478,0.7407,0.7143,0.8907,0.7895,0.7714
42,100,8.9e-05,1.0,1.0,1.0,0.8495,0.7547,0.7347,0.8871,0.7857,0.7714
42,105,5.3e-05,1.0,1.0,1.0,0.8361,0.7692,0.7551,0.8765,0.7706,0.7619
42,110,4.1e-05,1.0,1.0,1.0,0.8328,0.7692,0.7551,0.8558,0.7407,0.7333
42,115,7.2e-05,1.0,1.0,1.0,0.8344,0.7692,0.7551,0.8555,0.7778,0.7714
42,120,2.4e-05,1.0,1.0,1.0,0.8395,0.7547,0.7347,0.8678,0.8257,0.819
42,125,1e-05,1.0,1.0,1.0,0.8361,0.7636,0.7347,0.8696,0.7965,0.781
42,130,7e-06,1.0,1.0,1.0,0.8211,0.75,0.7143,0.8671,0.8214,0.8095
42,135,3e-06,1.0,1.0,1.0,0.8211,0.7273,0.6939,0.8631,0.8036,0.7905
42,140,3e-06,1.0,1.0,1.0,0.8177,0.7636,0.7347,0.8602,0.7788,0.7619
42,145,2e-06,1.0,1.0,1.0,0.8311,0.7931,0.7551,0.8588,0.7931,0.7714
42,150,1e-06,1.0,1.0,1.0,0.8278,0.7143,0.6735,0.8791,0.807,0.7905
42,155,2e-06,1.0,1.0,1.0,0.8411,0.7037,0.6735,0.8791,0.7818,0.7714
42,160,0.0,1.0,1.0,1.0,0.8545,0.7547,0.7347,0.8744,0.785,0.781
42,165,0.000347,1.0,1.0,1.0,0.8495,0.7636,0.7347,0.85,0.7788,0.7619
42,170,2e-06,1.0,1.0,1.0,0.8411,0.7925,0.7755,0.8439,0.7478,0.7238
42,175,0.0,1.0,1.0,1.0,0.8512,0.7547,0.7347,0.8682,0.7736,0.7714
42,180,0.004359,1.0,1.0,1.0,0.8478,0.7451,0.7347,0.8765,0.7692,0.7714
42,185,0.0,1.0,1.0,1.0,0.8462,0.7451,0.7347,0.8787,0.7619,0.7619
42,190,1e-06,1.0,1.0,1.0,0.8545,0.7692,0.7551,0.8784,0.7619,0.7619
42,195,0.0,1.0,1.0,1.0,0.8612,0.7843,0.7755,0.8744,0.7706,0.7619
42,200,0.0,1.0,1.0,1.0,0.8528,0.7843,0.7755,0.8682,0.7706,0.7619
42,205,0.0,1.0,1.0,1.0,0.8344,0.7692,0.7551,0.8624,0.7706,0.7619
42,210,0.0,1.0,1.0,1.0,0.8378,0.7692,0.7551,0.8678,0.7736,0.7714
42,215,2e-06,1.0,1.0,1.0,0.8428,0.7692,0.7551,0.8715,0.785,0.781
42,220,2e-06,1.0,1.0,1.0,0.8445,0.7692,0.7551,0.8733,0.785,0.781
42,225,0.0,1.0,1.0,1.0,0.8395,0.7843,0.7755,0.8653,0.7593,0.7524
42,230,0.0,1.0,1.0,1.0,0.8512,0.7843,0.7755,0.8595,0.7523,0.7429
42,235,0.0,1.0,1.0,1.0,0.8445,0.7843,0.7755,0.862,0.7407,0.7333
42,240,0.0,1.0,1.0,1.0,0.8478,0.76,0.7551,0.8631,0.729,0.7238
42,245,0.0,1.0,1.0,1.0,0.8478,0.7451,0.7347,0.8606,0.7407,0.7333
42,250,0.0,1.0,1.0,1.0,0.8495,0.76,0.7551,0.8588,0.7407,0.7333
84,5,0.238281,0.8467,0.75,0.7333,0.7375,0.6522,0.6735,0.8479,0.7966,0.7714
84,10,0.182582,0.9064,0.8349,0.8154,0.7676,0.6522,0.6735,0.8435,0.7627,0.7333
84,15,0.162636,0.9635,0.9032,0.8923,0.8127,0.6383,0.6531,0.8558,0.7627,0.7333
84,20,0.139399,0.996,0.9619,0.959,0.8478,0.7451,0.7347,0.862,0.7692,0.7429
84,25,0.098008,1.0,0.9854,0.9846,0.8729,0.7692,0.7551,0.8642,0.7414,0.7143
84,30,0.063616,1.0,1.0,1.0,0.8913,0.7843,0.7755,0.8715,0.7706,0.7619
84,35,0.036555,1.0,1.0,1.0,0.8763,0.7843,0.7755,0.8733,0.7679,0.7524
84,40,0.017506,1.0,1.0,1.0,0.8612,0.7925,0.7755,0.8696,0.7826,0.7619
84,45,0.008533,1.0,1.0,1.0,0.8562,0.7692,0.7551,0.8744,0.8,0.781
84,50,0.010893,1.0,1.0,1.0,0.8545,0.7843,0.7755,0.8682,0.7895,0.7714
84,55,0.007283,1.0,1.0,1.0,0.8495,0.7308,0.7143,0.8606,0.7731,0.7429
84,60,0.007456,1.0,1.0,1.0,0.8562,0.7451,0.7347,0.8758,0.807,0.7905
84,65,0.002924,1.0,1.0,1.0,0.8545,0.76,0.7551,0.8798,0.8174,0.8
84,70,0.0008,1.0,1.0,1.0,0.8612,0.72,0.7143,0.882,0.7931,0.7714
84,75,0.002374,1.0,1.0,1.0,0.8545,0.7407,0.7143,0.8471,0.8099,0.781
84,80,0.000573,1.0,1.0,1.0,0.8344,0.7407,0.7143,0.8689,0.8067,0.781
84,85,0.000462,1.0,1.0,1.0,0.8311,0.6939,0.6939,0.8878,0.8,0.781
84,90,0.000241,1.0,1.0,1.0,0.8361,0.72,0.7143,0.8911,0.8235,0.8
84,95,0.000714,1.0,1.0,1.0,0.8294,0.7059,0.6939,0.87,0.8067,0.781
84,100,0.000131,1.0,1.0,1.0,0.8244,0.6939,0.6939,0.8664,0.8,0.781
84,105,9e-05,1.0,1.0,1.0,0.8278,0.7083,0.7143,0.8653,0.7928,0.781
84,110,5.4e-05,1.0,1.0,1.0,0.8344,0.6939,0.6939,0.8736,0.7928,0.781
84,115,6.6e-05,1.0,1.0,1.0,0.8411,0.6939,0.6939,0.8784,0.7778,0.7714
84,120,0.000263,1.0,1.0,1.0,0.8495,0.6939,0.6939,0.8733,0.7928,0.781
84,125,3.3e-05,1.0,1.0,1.0,0.8462,0.6939,0.6939,0.8824,0.8036,0.7905
84,130,0.000123,1.0,1.0,1.0,0.8478,0.6939,0.6939,0.8816,0.8174,0.8
84,135,0.000144,1.0,1.0,1.0,0.8562,0.72,0.7143,0.8758,0.8276,0.8095
84,140,9e-06,1.0,1.0,1.0,0.8629,0.7347,0.7347,0.8907,0.8276,0.8095
84,145,2.2e-05,1.0,1.0,1.0,0.8512,0.7347,0.7347,0.8958,0.8288,0.819
84,150,1.6e-05,1.0,1.0,1.0,0.8344,0.7347,0.7347,0.8878,0.8288,0.819
84,155,3.6e-05,1.0,1.0,1.0,0.8395,0.72,0.7143,0.8736,0.8108,0.8
84,160,4e-06,1.0,1.0,1.0,0.8462,0.72,0.7143,0.8798,0.7965,0.781
84,165,2e-06,1.0,1.0,1.0,0.8478,0.6939,0.6939,0.8896,0.8034,0.781
84,170,2e-06,1.0,1.0,1.0,0.8512,0.6939,0.6939,0.8893,0.8142,0.8
84,175,3e-06,1.0,1.0,1.0,0.8512,0.6809,0.6939,0.8845,0.8,0.7905
84,180,1e-06,1.0,1.0,1.0,0.8528,0.7234,0.7347,0.874,0.7928,0.781
84,185,0.0,1.0,1.0,1.0,0.8595,0.7234,0.7347,0.8736,0.7748,0.7619
84,190,1e-06,1.0,1.0,1.0,0.8679,0.766,0.7755,0.8838,0.7963,0.7905
84,195,2.5e-05,1.0,1.0,1.0,0.8712,0.7391,0.7551,0.8853,0.7963,0.7905
84,200,1e-06,1.0,1.0,1.0,0.8662,0.7234,0.7347,0.8824,0.8073,0.8
84,205,0.0,1.0,1.0,1.0,0.8645,0.6939,0.6939,0.8733,0.7928,0.781
84,210,0.0,1.0,1.0,1.0,0.8612,0.6939,0.6939,0.8653,0.7788,0.7619
84,215,1e-06,1.0,1.0,1.0,0.8528,0.72,0.7143,0.8649,0.7679,0.7524
84,220,1e-06,1.0,1.0,1.0,0.8428,0.7347,0.7347,0.8769,0.7895,0.7714
84,225,0.0,1.0,1.0,1.0,0.8495,0.75,0.7551,0.8762,0.8,0.781
84,230,2e-06,1.0,1.0,1.0,0.8528,0.7083,0.7143,0.8867,0.7931,0.7714
64,5,0.239371,0.8585,0.6545,0.7077,0.6221,0.5581,0.6122,0.8272,0.6588,0.7238
64,10,0.182976,0.9106,0.8103,0.8103,0.6589,0.625,0.6327,0.8439,0.7379,0.7429
64,15,0.152411,0.966,0.9005,0.8923,0.6839,0.64,0.6327,0.8475,0.7568,0.7429
64,20,0.127678,1.0,0.9758,0.9744,0.7341,0.72,0.7143,0.854,0.8108,0.8
64,25,0.078277,1.0,0.9951,0.9949,0.7575,0.7407,0.7143,0.8431,0.7788,0.7619
64,30,0.054643,1.0,1.0,1.0,0.7692,0.7636,0.7347,0.8388,0.7895,0.7714
64,35,0.033274,1.0,1.0,1.0,0.796,0.7692,0.7551,0.8562,0.7857,0.7714
64,40,0.018321,1.0,1.0,1.0,0.7776,0.7037,0.6735,0.8526,0.8073,0.8
64,45,0.008208,1.0,1.0,1.0,0.7843,0.6923,0.6735,0.8442,0.7857,0.7714
64,50,0.0046,1.0,1.0,1.0,0.7809,0.717,0.6939,0.8384,0.7818,0.7714
64,55,0.005432,1.0,1.0,1.0,0.7876,0.6923,0.6735,0.8529,0.781,0.781
64,60,0.002333,1.0,1.0,1.0,0.7977,0.717,0.6939,0.837,0.7593,0.7524
64,65,0.001873,1.0,1.0,1.0,0.7876,0.717,0.6939,0.8312,0.7429,0.7429
64,70,0.000645,1.0,1.0,1.0,0.786,0.6923,0.6735,0.8395,0.7748,0.7619
64,75,0.003199,1.0,1.0,1.0,0.791,0.7407,0.7143,0.8243,0.7706,0.7619
64,80,0.000482,1.0,1.0,1.0,0.8077,0.717,0.6939,0.8304,0.7706,0.7619
64,85,0.000295,1.0,1.0,1.0,0.8144,0.7407,0.7143,0.8384,0.7857,0.7714
64,90,0.000658,1.0,1.0,1.0,0.8194,0.7407,0.7143,0.8221,0.7455,0.7333
64,95,0.002772,1.0,1.0,1.0,0.8244,0.7636,0.7347,0.7952,0.7222,0.7143
64,100,0.000805,1.0,1.0,1.0,0.801,0.717,0.6939,0.8148,0.729,0.7238
64,105,7.4e-05,1.0,1.0,1.0,0.8027,0.6923,0.6735,0.8322,0.729,0.7238
64,110,0.000255,1.0,1.0,1.0,0.8161,0.717,0.6939,0.833,0.7339,0.7238
64,115,0.000224,1.0,1.0,1.0,0.8361,0.7407,0.7143,0.841,0.7636,0.7524
64,120,0.01185,1.0,1.0,1.0,0.8094,0.75,0.7143,0.8453,0.75,0.7333
64,125,8.7e-05,1.0,1.0,1.0,0.8094,0.717,0.6939,0.845,0.7636,0.7524
64,130,0.000229,1.0,1.0,1.0,0.8144,0.6667,0.6531,0.8333,0.7736,0.7714
64,135,5.5e-05,1.0,1.0,1.0,0.8161,0.6667,0.6531,0.8268,0.7619,0.7619
64,140,0.000116,1.0,1.0,1.0,0.801,0.717,0.6939,0.8395,0.7664,0.7619
64,145,2.5e-05,1.0,1.0,1.0,0.7977,0.717,0.6939,0.8428,0.7664,0.7619
64,150,5e-06,1.0,1.0,1.0,0.7993,0.7407,0.7143,0.8413,0.7593,0.7524
64,155,4e-06,1.0,1.0,1.0,0.8161,0.7636,0.7347,0.8232,0.7568,0.7429
64,160,1e-06,1.0,1.0,1.0,0.796,0.7857,0.7551,0.8264,0.7788,0.7619
64,165,2e-06,1.0,1.0,1.0,0.7926,0.7857,0.7551,0.829,0.7719,0.7524
64,170,1e-06,1.0,1.0,1.0,0.8261,0.7857,0.7551,0.8293,0.7719,0.7524
64,175,0.0,1.0,1.0,1.0,0.8278,0.7719,0.7347,0.8253,0.7568,0.7429
64,180,2e-06,1.0,1.0,1.0,0.8261,0.7857,0.7551,0.8257,0.7407,0.7333
64,185,0.0,1.0,1.0,1.0,0.8227,0.7636,0.7347,0.8399,0.7273,0.7143
64,190,0.0,1.0,1.0,1.0,0.8227,0.7407,0.7143,0.8471,0.7455,0.7333
64,195,1e-06,1.0,1.0,1.0,0.8211,0.7636,0.7347,0.8471,0.75,0.7333
64,200,0.0,1.0,1.0,1.0,0.8328,0.717,0.6939,0.8551,0.7664,0.7619
64,205,5e-06,1.0,1.0,1.0,0.8378,0.7308,0.7143,0.8573,0.7547,0.7524
64,210,0.0,1.0,1.0,1.0,0.8328,0.717,0.6939,0.8631,0.7664,0.7619
64,215,0.0,1.0,1.0,1.0,0.8261,0.717,0.6939,0.8642,0.7664,0.7619
64,220,0.0,1.0,1.0,1.0,0.8227,0.717,0.6939,0.8617,0.7664,0.7619
64,225,1e-06,1.0,1.0,1.0,0.8227,0.717,0.6939,0.8519,0.7664,0.7619
64,230,1.4e-05,1.0,1.0,1.0,0.8294,0.717,0.6939,0.8395,0.7407,0.7333
64,235,0.0,1.0,1.0,1.0,0.8127,0.717,0.6939,0.8373,0.7706,0.7619
64,240,3.7e-05,1.0,1.0,1.0,0.8144,0.6923,0.6735,0.8384,0.7706,0.7619
64,245,0.0,1.0,1.0,1.0,0.8177,0.717,0.6939,0.8417,0.729,0.7238
64,250,0.0,1.0,1.0,1.0,0.8261,0.6923,0.6735,0.8402,0.729,0.7238
64,255,0.0,1.0,1.0,1.0,0.8294,0.7059,0.6939,0.8344,0.729,0.7238
64,260,0.0,1.0,1.0,1.0,0.8311,0.7059,0.6939,0.8322,0.7477,0.7429
64,265,0.0,1.0,1.0,1.0,0.8278,0.717,0.6939,0.8366,0.7636,0.7524
64,270,0.0,1.0,1.0,1.0,0.8144,0.717,0.6939,0.8439,0.7387,0.7238
64,275,0.0,1.0,1.0,1.0,0.806,0.717,0.6939,0.8402,0.7387,0.7238
64,280,1e-06,1.0,1.0,1.0,0.8077,0.717,0.6939,0.8395,0.7321,0.7143
64,285,0.0,1.0,1.0,1.0,0.8144,0.717,0.6939,0.8355,0.7434,0.7238
64,290,0.0,1.0,1.0,1.0,0.8127,0.7037,0.6735,0.833,0.7434,0.7238
64,295,0.0,1.0,1.0,1.0,0.8094,0.7273,0.6939,0.8319,0.7706,0.7619
64,300,0.0,1.0,1.0,1.0,0.806,0.7273,0.6939,0.8319,0.7636,0.7524
64,305,0.0,1.0,1.0,1.0,0.806,0.7407,0.7143,0.8319,0.7636,0.7524
64,310,0.0,1.0,1.0,1.0,0.801,0.7407,0.7143,0.8315,0.7636,0.7524
64,315,0.0,1.0,1.0,1.0,0.801,0.7407,0.7143,0.8399,0.7568,0.7429
64,320,0.0,1.0,1.0,1.0,0.7977,0.7407,0.7143,0.8388,0.7568,0.7429
64,325,0.0,1.0,1.0,1.0,0.7943,0.7407,0.7143,0.8428,0.7636,0.7524
64,330,0.0,1.0,1.0,1.0,0.7926,0.7636,0.7347,0.8489,0.7706,0.7619
64,335,0.0,1.0,1.0,1.0,0.7926,0.7636,0.7347,0.8457,0.7593,0.7524
64,340,0.0,1.0,1.0,1.0,0.791,0.7407,0.7143,0.8466,0.7593,0.7524
64,345,0.0,1.0,1.0,1.0,0.7943,0.7407,0.7143,0.8475,0.7523,0.7429
64,350,0.0,1.0,1.0,1.0,0.7926,0.7636,0.7347,0.8453,0.7664,0.7619
64,355,0.0,1.0,1.0,1.0,0.7926,0.7636,0.7347,0.8435,0.7636,0.7524
64,360,0.0,1.0,1.0,1.0,0.7926,0.7407,0.7143,0.8413,0.7636,0.7524
64,365,0.0,1.0,1.0,1.0,0.7943,0.7636,0.7347,0.833,0.7568,0.7429
64,370,2e-06,1.0,1.0,1.0,0.796,0.7636,0.7347,0.8232,0.7568,0.7429
64,375,0.0,1.0,1.0,1.0,0.796,0.7636,0.7347,0.8181,0.7636,0.7524
64,380,0.0,1.0,1.0,1.0,0.7943,0.7407,0.7143,0.8188,0.7636,0.7524
64,385,0.0,1.0,1.0,1.0,0.7943,0.7407,0.7143,0.8246,0.7568,0.7429
64,390,0.0,1.0,1.0,1.0,0.791,0.7407,0.7143,0.8246,0.7568,0.7429
64,395,0.0,1.0,1.0,1.0,0.791,0.717,0.6939,0.8275,0.7568,0.7429
64,400,0.0,1.0,1.0,1.0,0.7843,0.6923,0.6735,0.8282,0.7636,0.7524
64,405,0.0,1.0,1.0,1.0,0.786,0.6923,0.6735,0.8322,0.7706,0.7619
112,5,0.250841,0.8564,0.6242,0.6974,0.7207,0.5128,0.6122,0.8137,0.6667,0.7238
112,10,0.213466,0.9173,0.7735,0.7897,0.7241,0.6809,0.6939,0.8395,0.7551,0.7714
112,15,0.171775,0.9712,0.8677,0.8718,0.7308,0.6923,0.6735,0.8482,0.7767,0.781
112,20,0.133909,0.9989,0.9592,0.959,0.7224,0.6923,0.6735,0.8468,0.7379,0.7429
112,25,0.109478,1.0,0.995,0.9949,0.7341,0.68,0.6735,0.8402,0.7184,0.7238
112,30,0.058502,1.0,1.0,1.0,0.7408,0.7059,0.6939,0.8562,0.7327,0.7429
112,35,0.030776,1.0,1.0,1.0,0.7274,0.72,0.7143,0.8617,0.781,0.781
112,40,0.024179,1.0,1.0,1.0,0.7341,0.7308,0.7143,0.8526,0.7407,0.7333
112,45,0.011718,1.0,1.0,1.0,0.7425,0.7843,0.7755,0.8606,0.7568,0.7429
112,50,0.005963,1.0,1.0,1.0,0.7575,0.7843,0.7755,0.8787,0.7477,0.7429
112,55,0.005311,1.0,1.0,1.0,0.7625,0.7347,0.7347,0.8733,0.7429,0.7429
112,60,0.002942,1.0,1.0,1.0,0.7625,0.7347,0.7347,0.8667,0.7961,0.8
112,65,0.001392,1.0,1.0,1.0,0.7759,0.7692,0.7551,0.8744,0.8,0.8
112,70,0.000875,1.0,1.0,1.0,0.7676,0.7692,0.7551,0.8744,0.7706,0.7619
112,75,0.001429,1.0,1.0,1.0,0.7759,0.7451,0.7347,0.8878,0.7963,0.7905
112,80,0.000585,1.0,1.0,1.0,0.7692,0.7451,0.7347,0.8791,0.8037,0.8
112,85,0.000412,1.0,1.0,1.0,0.7525,0.76,0.7551,0.8617,0.7885,0.7905
112,90,0.000175,1.0,1.0,1.0,0.7609,0.7692,0.7551,0.8519,0.7407,0.7333
112,95,0.000229,1.0,1.0,1.0,0.7692,0.72,0.7143,0.858,0.7593,0.7524
112,100,0.000105,1.0,1.0,1.0,0.7826,0.7547,0.7347,0.8718,0.7636,0.7524
112,105,0.000626,1.0,1.0,1.0,0.7726,0.7547,0.7347,0.8653,0.7748,0.7619
112,110,9.3e-05,1.0,1.0,1.0,0.7826,0.7407,0.7143,0.8617,0.7895,0.7714
112,115,2.8e-05,1.0,1.0,1.0,0.7893,0.7636,0.7347,0.8758,0.7965,0.781
112,120,0.000229,1.0,1.0,1.0,0.7876,0.7778,0.7551,0.8932,0.7826,0.7619
112,125,1.3e-05,1.0,1.0,1.0,0.7893,0.7547,0.7347,0.8853,0.7965,0.781
112,130,2.5e-05,1.0,1.0,1.0,0.7726,0.7308,0.7143,0.8693,0.8073,0.8
112,135,1.5e-05,1.0,1.0,1.0,0.7676,0.72,0.7143,0.8675,0.7818,0.7714
112,140,0.000117,1.0,1.0,1.0,0.7793,0.7308,0.7143,0.8827,0.7818,0.7714
112,145,4e-06,1.0,1.0,1.0,0.796,0.7692,0.7551,0.8896,0.8037,0.8
112,150,3e-06,1.0,1.0,1.0,0.7809,0.76,0.7551,0.8773,0.7963,0.7905
112,155,3e-06,1.0,1.0,1.0,0.7826,0.7925,0.7755,0.874,0.8214,0.8095
112,160,8e-06,1.0,1.0,1.0,0.791,0.7857,0.7551,0.8816,0.807,0.7905
112,165,2e-06,1.0,1.0,1.0,0.7926,0.8,0.7755,0.8762,0.8,0.781
112,170,1e-06,1.0,1.0,1.0,0.7977,0.8364,0.8163,0.8704,0.7826,0.7619
112,175,2e-06,1.0,1.0,1.0,0.786,0.8148,0.7959,0.8624,0.7748,0.7619
112,180,0.000591,1.0,1.0,1.0,0.7876,0.7925,0.7755,0.8689,0.7736,0.7714
112,185,0.000127,1.0,1.0,1.0,0.7943,0.7843,0.7755,0.8834,0.7925,0.7905
112,190,0.0,1.0,1.0,1.0,0.7943,0.7451,0.7347,0.8849,0.7963,0.7905
112,195,0.0,1.0,1.0,1.0,0.806,0.7451,0.7347,0.8849,0.8,0.7905
112,200,0.0,1.0,1.0,1.0,0.8094,0.7692,0.7551,0.8831,0.8108,0.8
112,205,0.0,1.0,1.0,1.0,0.8127,0.7692,0.7551,0.8856,0.7928,0.781
112,210,0.0,1.0,1.0,1.0,0.806,0.7925,0.7755,0.894,0.8073,0.8
112,215,0.000176,1.0,1.0,1.0,0.7993,0.7925,0.7755,0.8907,0.8182,0.8095
112,220,0.0,1.0,1.0,1.0,0.801,0.7692,0.7551,0.8762,0.7818,0.7714
112,225,1e-05,1.0,1.0,1.0,0.801,0.7925,0.7755,0.866,0.789,0.781
112,230,0.000144,1.0,1.0,1.0,0.8027,0.7925,0.7755,0.8606,0.7664,0.7619
112,235,0.0,1.0,1.0,1.0,0.801,0.7451,0.7347,0.8646,0.7664,0.7619
112,240,0.0,1.0,1.0,1.0,0.8043,0.7451,0.7347,0.8689,0.7664,0.7619
112,245,0.0,1.0,1.0,1.0,0.8043,0.7925,0.7755,0.8693,0.785,0.781
112,250,4e-06,1.0,1.0,1.0,0.7993,0.7925,0.7755,0.8613,0.7778,0.7714
112,255,0.0,1.0,1.0,1.0,0.8077,0.7925,0.7755,0.8569,0.7736,0.7714
112,260,1e-06,1.0,1.0,1.0,0.8094,0.7925,0.7755,0.8558,0.7736,0.7714
112,265,0.0,1.0,1.0,1.0,0.7993,0.7547,0.7347,0.8558,0.7736,0.7714
112,270,0.0,1.0,1.0,1.0,0.8027,0.7547,0.7347,0.8537,0.785,0.781
112,275,0.0,1.0,1.0,1.0,0.801,0.7547,0.7347,0.8471,0.7778,0.7714
112,280,0.0,1.0,1.0,1.0,0.8027,0.7547,0.7347,0.8508,0.7593,0.7524
112,285,0.0,1.0,1.0,1.0,0.8127,0.7308,0.7143,0.8544,0.7706,0.7619
112,290,0.0,1.0,1.0,1.0,0.8127,0.7547,0.7347,0.8591,0.7818,0.7714
112,295,0.0,1.0,1.0,1.0,0.8144,0.7308,0.7143,0.8588,0.7778,0.7714
112,300,1e-06,1.0,1.0,1.0,0.8094,0.7308,0.7143,0.8598,0.7706,0.7619
112,305,0.0,1.0,1.0,1.0,0.7943,0.7308,0.7143,0.8617,0.7748,0.7619
112,310,0.0,1.0,1.0,1.0,0.7893,0.7308,0.7143,0.8613,0.7818,0.7714
112,315,0.0,1.0,1.0,1.0,0.7793,0.7308,0.7143,0.8588,0.7818,0.7714
112,320,0.0,1.0,1.0,1.0,0.7793,0.7308,0.7143,0.8595,0.7818,0.7714
112,325,0.0,1.0,1.0,1.0,0.7759,0.7308,0.7143,0.8653,0.7928,0.781
112,330,0.0,1.0,1.0,1.0,0.7776,0.7308,0.7143,0.8656,0.7928,0.781
112,335,0.0,1.0,1.0,1.0,0.7801,0.7308,0.7143,0.866,0.7928,0.781
112,340,4e-06,1.0,1.0,1.0,0.7776,0.7308,0.7143,0.8653,0.7748,0.7619
112,345,0.0,1.0,1.0,1.0,0.7726,0.7547,0.7347,0.8617,0.7568,0.7429
112,350,0.0,1.0,1.0,1.0,0.7726,0.7547,0.7347,0.8573,0.7706,0.7619
112,355,0.0,1.0,1.0,1.0,0.7742,0.7547,0.7347,0.8566,0.7706,0.7619
112,360,0.0,1.0,1.0,1.0,0.7726,0.7692,0.7551,0.8588,0.7692,0.7714
112,365,0.0,1.0,1.0,1.0,0.7742,0.7547,0.7347,0.8573,0.7692,0.7714
112,370,0.0,1.0,1.0,1.0,0.7759,0.7308,0.7143,0.8588,0.7736,0.7714
112,375,0.0,1.0,1.0,1.0,0.7793,0.7308,0.7143,0.866,0.7736,0.7714
112,380,0.0,1.0,1.0,1.0,0.7809,0.7308,0.7143,0.8671,0.781,0.781
112,385,0.0,1.0,1.0,1.0,0.7776,0.7308,0.7143,0.8704,0.785,0.781
112,390,0.0,1.0,1.0,1.0,0.7809,0.7547,0.7347,0.8744,0.7963,0.7905
112,395,0.0,1.0,1.0,1.0,0.7809,0.7547,0.7347,0.878,0.7963,0.7905
112,400,0.0,1.0,1.0,1.0,0.7818,0.7547,0.7347,0.8769,0.7963,0.7905
112,405,0.0,1.0,1.0,1.0,0.7843,0.7547,0.7347,0.8791,0.8182,0.8095
112,410,0.0,1.0,1.0,1.0,0.7843,0.7547,0.7347,0.8805,0.8073,0.8
112,415,1e-06,1.0,1.0,1.0,0.7843,0.7547,0.7347,0.8798,0.8,0.7905
112,420,0.0,1.0,1.0,1.0,0.7843,0.7547,0.7347,0.8794,0.8148,0.8095
112,425,0.0,1.0,1.0,1.0,0.7893,0.7547,0.7347,0.8791,0.8182,0.8095
112,430,0.0,1.0,1.0,1.0,0.7876,0.7547,0.7347,0.8784,0.7963,0.7905
112,435,0.0,1.0,1.0,1.0,0.786,0.7692,0.7551,0.8769,0.789,0.781
112,440,0.0,1.0,1.0,1.0,0.7876,0.7692,0.7551,0.8773,0.789,0.781
112,445,0.0,1.0,1.0,1.0,0.7893,0.7925,0.7755,0.8747,0.789,0.781
112,450,0.0,1.0,1.0,1.0,0.7977,0.7925,0.7755,0.8725,0.7963,0.7905
112,455,0.0,1.0,1.0,1.0,0.801,0.7778,0.7551,0.87,0.785,0.781
112,460,0.0,1.0,1.0,1.0,0.801,0.7778,0.7551,0.8678,0.785,0.781
112,465,0.0,1.0,1.0,1.0,0.801,0.7778,0.7551,0.8682,0.7778,0.7714
112,470,0.0,1.0,1.0,1.0,0.801,0.7547,0.7347,0.862,0.7636,0.7524
112,475,0.0,1.0,1.0,1.0,0.8027,0.7308,0.7143,0.8577,0.7593,0.7524
112,480,0.0,1.0,1.0,1.0,0.801,0.7308,0.7143,0.8555,0.7593,0.7524
112,485,0.0,1.0,1.0,1.0,0.8027,0.7308,0.7143,0.8544,0.7593,0.7524
112,490,0.0,1.0,1.0,1.0,0.8043,0.7308,0.7143,0.854,0.7593,0.7524
112,495,0.0,1.0,1.0,1.0,0.8027,0.7308,0.7143,0.8544,0.7593,0.7524
44,5,0.236302,0.8788,0.5906,0.6872,0.7993,0.5128,0.6122,0.8203,0.5641,0.6762
44,10,0.213841,0.9151,0.7914,0.8,0.8227,0.6667,0.6939,0.8315,0.7071,0.7238
44,15,0.15843,0.9806,0.9192,0.9179,0.8361,0.7234,0.7347,0.8272,0.7222,0.7143
44,20,0.134292,0.9993,0.9852,0.9846,0.8662,0.8,0.7959,0.8152,0.7257,0.7048
44,25,0.083602,1.0,1.0,1.0,0.8913,0.7917,0.7959,0.833,0.7544,0.7333
44,30,0.059357,1.0,1.0,1.0,0.903,0.8085,0.8163,0.8548,0.7736,0.7714
44,35,0.027292,1.0,1.0,1.0,0.9247,0.7826,0.7959,0.8519,0.7619,0.7619
44,40,0.02072,1.0,1.0,1.0,0.9181,0.7826,0.7959,0.8548,0.7778,0.7714
44,45,0.01106,1.0,1.0,1.0,0.9097,0.8085,0.8163,0.8638,0.8037,0.8
44,50,0.009797,1.0,1.0,1.0,0.9013,0.7917,0.7959,0.8555,0.7611,0.7429
44,55,0.005478,1.0,1.0,1.0,0.9064,0.766,0.7755,0.8533,0.7719,0.7524
44,60,0.003845,1.0,1.0,1.0,0.898,0.7917,0.7959,0.8671,0.7568,0.7429
44,65,0.001792,1.0,1.0,1.0,0.8963,0.7917,0.7959,0.8791,0.7455,0.7333
44,70,0.000671,1.0,1.0,1.0,0.903,0.8333,0.8367,0.8762,0.7568,0.7429
44,75,0.001212,1.0,1.0,1.0,0.9247,0.8333,0.8367,0.8689,0.7679,0.7524
44,80,0.000398,1.0,1.0,1.0,0.9114,0.8333,0.8367,0.8686,0.8036,0.7905
44,85,0.000179,1.0,1.0,1.0,0.903,0.8085,0.8163,0.8747,0.8037,0.8
44,90,0.000165,1.0,1.0,1.0,0.8997,0.7826,0.7959,0.8733,0.7647,0.7714
44,95,0.000152,1.0,1.0,1.0,0.908,0.8,0.8163,0.8744,0.7843,0.7905
44,100,0.00017,1.0,1.0,1.0,0.9097,0.8,0.8163,0.8682,0.7573,0.7619
44,105,9.4e-05,1.0,1.0,1.0,0.9181,0.7442,0.7755,0.8497,0.75,0.7524
44,110,1.9e-05,1.0,1.0,1.0,0.9197,0.7556,0.7755,0.8464,0.7156,0.7048
44,115,1.4e-05,1.0,1.0,1.0,0.9214,0.8163,0.8163,0.8675,0.7748,0.7619
44,120,2e-05,1.0,1.0,1.0,0.908,0.8,0.7959,0.8707,0.7857,0.7714
44,125,2e-05,1.0,1.0,1.0,0.9064,0.7917,0.7959,0.8664,0.7748,0.7619
44,130,1.5e-05,1.0,1.0,1.0,0.908,0.8085,0.8163,0.8439,0.7387,0.7238
44,135,4e-05,1.0,1.0,1.0,0.9064,0.8085,0.8163,0.8137,0.6909,0.6762
44,140,0.000217,1.0,1.0,1.0,0.913,0.8,0.8163,0.8395,0.729,0.7238
44,145,3e-06,1.0,1.0,1.0,0.903,0.8333,0.8367,0.8664,0.7679,0.7524
44,150,2e-06,1.0,1.0,1.0,0.8963,0.8519,0.8367,0.8693,0.7719,0.7524
44,155,2e-06,1.0,1.0,1.0,0.8946,0.8679,0.8571,0.8537,0.7627,0.7333
44,160,1e-06,1.0,1.0,1.0,0.9013,0.84,0.8367,0.8486,0.7627,0.7333
44,165,1e-06,1.0,1.0,1.0,0.9013,0.8333,0.8367,0.8569,0.7679,0.7524
44,170,2e-06,1.0,1.0,1.0,0.9047,0.8511,0.8571,0.8664,0.7818,0.7714
44,175,4e-06,1.0,1.0,1.0,0.898,0.8261,0.8367,0.8656,0.789,0.781
44,180,0.0,1.0,1.0,1.0,0.8963,0.7826,0.7959,0.858,0.7434,0.7238
44,185,0.0,1.0,1.0,1.0,0.888,0.7826,0.7959,0.85,0.7434,0.7238
44,190,0.0,1.0,1.0,1.0,0.8846,0.8085,0.8163,0.8635,0.7611,0.7429
44,195,0.0,1.0,1.0,1.0,0.8846,0.7755,0.7755,0.8736,0.7679,0.7524
44,200,0.0,1.0,1.0,1.0,0.8863,0.7755,0.7755,0.8787,0.789,0.781
44,205,0.0,1.0,1.0,1.0,0.8913,0.75,0.7551,0.8769,0.789,0.781
44,210,1e-06,1.0,1.0,1.0,0.8896,0.766,0.7755,0.8638,0.7593,0.7524
44,215,1e-06,1.0,1.0,1.0,0.8863,0.766,0.7755,0.85,0.75,0.7333
44,220,0.0,1.0,1.0,1.0,0.8813,0.766,0.7755,0.8424,0.7387,0.7238
44,225,1e-06,1.0,1.0,1.0,0.8796,0.766,0.7755,0.837,0.7207,0.7048
44,230,0.0,1.0,1.0,1.0,0.8829,0.7917,0.7959,0.8373,0.7368,0.7143
44,235,0.0,1.0,1.0,1.0,0.8846,0.766,0.7755,0.8493,0.7257,0.7048
128,5,0.222629,0.8313,0.7692,0.7538,0.7809,0.7234,0.7347,0.841,0.8,0.7905
128,10,0.218489,0.9023,0.8079,0.8,0.8161,0.7917,0.7959,0.8624,0.8,0.7905
128,15,0.175302,0.967,0.8824,0.8769,0.8579,0.7755,0.7755,0.8686,0.8036,0.7905
128,20,0.151023,0.9983,0.9804,0.9795,0.8662,0.766,0.7755,0.8678,0.7478,0.7238
128,25,0.097577,1.0,1.0,1.0,0.8846,0.766,0.7755,0.8635,0.7748,0.7619
128,30,0.063769,1.0,1.0,1.0,0.8813,0.75,0.7551,0.8689,0.7706,0.7619
128,35,0.048473,1.0,1.0,1.0,0.8712,0.7755,0.7755,0.8653,0.7778,0.7714
128,40,0.02456,1.0,1.0,1.0,0.8696,0.7391,0.7551,0.8562,0.7429,0.7429
128,45,0.014212,1.0,1.0,1.0,0.8696,0.7391,0.7551,0.8609,0.7593,0.7524
128,50,0.00733,1.0,1.0,1.0,0.8813,0.7391,0.7551,0.8537,0.7477,0.7429
128,55,0.004866,1.0,1.0,1.0,0.8696,0.7917,0.7959,0.8435,0.7895,0.7714
128,60,0.004105,1.0,1.0,1.0,0.8629,0.75,0.7551,0.8631,0.7826,0.7619
128,65,0.004976,1.0,1.0,1.0,0.8696,0.75,0.7551,0.866,0.7788,0.7619
128,70,0.001486,1.0,1.0,1.0,0.8696,0.7391,0.7551,0.8497,0.7115,0.7143
128,75,0.000815,1.0,1.0,1.0,0.8712,0.7556,0.7755,0.8471,0.7451,0.7524
128,80,0.000793,1.0,1.0,1.0,0.8595,0.7391,0.7551,0.8489,0.7379,0.7429
128,85,0.000842,1.0,1.0,1.0,0.8562,0.7111,0.7347,0.8388,0.6939,0.7143
128,90,0.000193,1.0,1.0,1.0,0.8478,0.6957,0.7143,0.8359,0.7129,0.7238
128,95,0.000217,1.0,1.0,1.0,0.8495,0.75,0.7551,0.8486,0.7358,0.7333
128,100,0.000712,1.0,1.0,1.0,0.8562,0.7347,0.7347,0.8482,0.7547,0.7524
128,105,8.6e-05,1.0,1.0,1.0,0.8595,0.76,0.7551,0.8402,0.7339,0.7238
128,110,9e-05,1.0,1.0,1.0,0.8612,0.7347,0.7347,0.8439,0.7103,0.7048
128,115,5e-05,1.0,1.0,1.0,0.8445,0.75,0.7551,0.8155,0.6909,0.6762
128,120,4.2e-05,1.0,1.0,1.0,0.8445,0.7755,0.7755,0.821,0.7257,0.7048
128,125,7e-05,1.0,1.0,1.0,0.8361,0.7347,0.7347,0.8402,0.7434,0.7238
128,130,2.9e-05,1.0,1.0,1.0,0.8361,0.7755,0.7755,0.846,0.7818,0.7714
128,135,6.9e-05,1.0,1.0,1.0,0.8294,0.7755,0.7755,0.8529,0.7857,0.7714
128,140,7e-06,1.0,1.0,1.0,0.8545,0.76,0.7551,0.8308,0.75,0.7333
128,145,3.1e-05,1.0,1.0,1.0,0.8545,0.7755,0.7755,0.8014,0.7037,0.6952
128,150,1.9e-05,1.0,1.0,1.0,0.8679,0.75,0.7551,0.8282,0.729,0.7238
128,155,1e-05,1.0,1.0,1.0,0.8662,0.7347,0.7347,0.8577,0.781,0.781
128,160,1.2e-05,1.0,1.0,1.0,0.8679,0.7234,0.7347,0.8569,0.7619,0.7619
128,165,0.00013,1.0,1.0,1.0,0.8579,0.7234,0.7347,0.8359,0.7407,0.7333
128,170,1e-05,1.0,1.0,1.0,0.8562,0.7083,0.7143,0.8468,0.7664,0.7619
128,175,3e-06,1.0,1.0,1.0,0.8528,0.7347,0.7347,0.8439,0.785,0.781
128,180,5e-06,1.0,1.0,1.0,0.8495,0.76,0.7551,0.8424,0.785,0.781
128,185,1e-06,1.0,1.0,1.0,0.8462,0.76,0.7551,0.8533,0.8073,0.8
128,190,1.3e-05,1.0,1.0,1.0,0.8545,0.76,0.7551,0.8588,0.8036,0.7905
128,195,1.1e-05,1.0,1.0,1.0,0.8579,0.7347,0.7347,0.8602,0.8,0.7905
128,200,1e-06,1.0,1.0,1.0,0.8562,0.75,0.7551,0.8588,0.8073,0.8
128,205,0.0,1.0,1.0,1.0,0.8545,0.75,0.7551,0.854,0.7706,0.7619
128,210,0.0,1.0,1.0,1.0,0.8528,0.75,0.7551,0.8446,0.7664,0.7619
128,215,1e-06,1.0,1.0,1.0,0.8478,0.7755,0.7755,0.837,0.7451,0.7524
128,220,0.0,1.0,1.0,1.0,0.8445,0.7755,0.7755,0.8417,0.7619,0.7619
128,225,0.0,1.0,1.0,1.0,0.8528,0.7755,0.7755,0.8435,0.7748,0.7619
256,5,0.241944,0.8446,0.7549,0.7436,0.6689,0.6531,0.6531,0.8511,0.7547,0.7524
256,10,0.202651,0.9122,0.8213,0.8103,0.6923,0.6667,0.6531,0.8504,0.7706,0.7619
256,15,0.156179,0.9706,0.9038,0.8974,0.7007,0.6939,0.6939,0.8529,0.7568,0.7429
256,20,0.125732,0.9992,0.9806,0.9795,0.7258,0.7234,0.7347,0.8515,0.75,0.7333
256,25,0.090296,1.0,1.0,1.0,0.791,0.75,0.7551,0.8457,0.7143,0.6952
256,30,0.05148,1.0,1.0,1.0,0.8311,0.8,0.7959,0.8537,0.7664,0.7619
256,35,0.031487,1.0,1.0,1.0,0.8428,0.7755,0.7755,0.8551,0.7619,0.7619
256,40,0.013131,1.0,1.0,1.0,0.8411,0.7755,0.7755,0.8609,0.7664,0.7619
256,45,0.011416,1.0,1.0,1.0,0.8478,0.8235,0.8163,0.8439,0.7455,0.7333
256,50,0.006998,1.0,1.0,1.0,0.8411,0.8302,0.8163,0.837,0.7797,0.7524
256,55,0.004406,1.0,1.0,1.0,0.8344,0.8302,0.8163,0.8497,0.7692,0.7429
256,60,0.0046,1.0,1.0,1.0,0.8378,0.7843,0.7755,0.8511,0.7818,0.7714
256,65,0.00201,1.0,1.0,1.0,0.8378,0.7917,0.7959,0.8337,0.75,0.7333
256,70,0.00203,1.0,1.0,1.0,0.8244,0.7925,0.7755,0.8493,0.7719,0.7524
256,75,0.002399,1.0,1.0,1.0,0.8328,0.7925,0.7755,0.8529,0.7652,0.7429
256,80,0.000811,1.0,1.0,1.0,0.8244,0.8148,0.7959,0.837,0.7759,0.7524
256,85,0.00077,1.0,1.0,1.0,0.8077,0.7692,0.7551,0.8533,0.7692,0.7429
256,90,0.000362,1.0,1.0,1.0,0.8194,0.7925,0.7755,0.8493,0.7679,0.7524
256,95,0.000219,1.0,1.0,1.0,0.8194,0.7451,0.7347,0.8333,0.7664,0.7619
256,100,0.000193,1.0,1.0,1.0,0.796,0.7547,0.7347,0.8337,0.75,0.7333
256,105,7.9e-05,1.0,1.0,1.0,0.801,0.7925,0.7755,0.8468,0.7611,0.7429
256,110,0.000327,1.0,1.0,1.0,0.8127,0.7843,0.7755,0.8515,0.7636,0.7524
256,115,3.5e-05,1.0,1.0,1.0,0.8194,0.7692,0.7551,0.8417,0.7748,0.7619
256,120,4.7e-05,1.0,1.0,1.0,0.8077,0.7925,0.7755,0.8293,0.7679,0.7524
256,125,1.8e-05,1.0,1.0,1.0,0.7943,0.75,0.7143,0.8413,0.7544,0.7333
256,130,1.9e-05,1.0,1.0,1.0,0.8043,0.7931,0.7551,0.8384,0.7627,0.7333
256,135,3e-05,1.0,1.0,1.0,0.8227,0.7931,0.7551,0.8214,0.7692,0.7429
256,140,1e-05,1.0,1.0,1.0,0.8261,0.75,0.7143,0.8486,0.7759,0.7524
256,145,6e-06,1.0,1.0,1.0,0.8227,0.7925,0.7755,0.8729,0.7788,0.7619
256,150,3e-06,1.0,1.0,1.0,0.8294,0.8148,0.7959,0.8729,0.7679,0.7524
256,155,3e-06,1.0,1.0,1.0,0.8261,0.7925,0.7755,0.8431,0.7719,0.7524
256,160,2e-06,1.0,1.0,1.0,0.8378,0.7407,0.7143,0.8097,0.75,0.7333
256,165,3e-06,1.0,1.0,1.0,0.8311,0.7857,0.7551,0.8214,0.7679,0.7524
256,170,2e-06,1.0,1.0,1.0,0.8244,0.8077,0.7959,0.8431,0.7523,0.7429
256,175,0.0,1.0,1.0,1.0,0.8244,0.7925,0.7755,0.8417,0.7407,0.7333
256,180,0.0,1.0,1.0,1.0,0.8194,0.7925,0.7755,0.8348,0.7593,0.7524
256,185,8e-06,1.0,1.0,1.0,0.8161,0.7636,0.7347,0.8366,0.7788,0.7619
256,190,0.0,1.0,1.0,1.0,0.8027,0.7857,0.7551,0.8326,0.7826,0.7619
256,195,0.0,1.0,1.0,1.0,0.8043,0.7719,0.7347,0.833,0.7931,0.7714
256,200,0.0,1.0,1.0,1.0,0.7993,0.7857,0.7551,0.8224,0.7826,0.7619
256,205,0.0,1.0,1.0,1.0,0.8077,0.7857,0.7551,0.829,0.7826,0.7619
256,210,0.0,1.0,1.0,1.0,0.8144,0.7719,0.7347,0.8388,0.7931,0.7714
256,215,0.0,1.0,1.0,1.0,0.8144,0.7857,0.7551,0.845,0.7863,0.7619
256,220,0.0,1.0,1.0,1.0,0.8127,0.7778,0.7551,0.8511,0.7759,0.7524
256,225,1e-06,1.0,1.0,1.0,0.8161,0.7778,0.7551,0.8511,0.7368,0.7143
256,230,3e-06,1.0,1.0,1.0,0.8144,0.7547,0.7347,0.8435,0.7568,0.7429
256,235,0.0,1.0,1.0,1.0,0.8161,0.7407,0.7143,0.8406,0.7788,0.7619
256,240,0.0,1.0,1.0,1.0,0.8144,0.7778,0.7551,0.8413,0.7719,0.7524
256,245,0.0,1.0,1.0,1.0,0.8127,0.7778,0.7551,0.8435,0.7931,0.7714
68,5,0.243166,0.8232,0.7363,0.7538,0.8679,0.7273,0.7551,0.8243,0.7216,0.7429
68,10,0.21235,0.8969,0.802,0.8,0.8495,0.7234,0.7347,0.8522,0.7573,0.7619
68,15,0.184444,0.9645,0.8629,0.8615,0.8378,0.6939,0.6939,0.8758,0.7573,0.7619
68,20,0.128952,0.9984,0.9758,0.9744,0.8261,0.7547,0.7347,0.8765,0.8113,0.8095
68,25,0.095675,1.0,1.0,1.0,0.8177,0.72,0.7143,0.8736,0.7647,0.7714
68,30,0.060937,1.0,1.0,1.0,0.7977,0.7347,0.7347,0.8747,0.7961,0.8
68,35,0.034125,1.0,1.0,1.0,0.806,0.7059,0.6939,0.8863,0.8113,0.8095
68,40,0.017949,1.0,1.0,1.0,0.8043,0.717,0.6939,0.8725,0.8037,0.8
68,45,0.009317,1.0,1.0,1.0,0.8244,0.7451,0.7347,0.8635,0.7925,0.7905
68,50,0.006149,1.0,1.0,1.0,0.8127,0.7451,0.7347,0.8609,0.7963,0.7905
68,55,0.004144,1.0,1.0,1.0,0.8278,0.7308,0.7143,0.8794,0.8257,0.819
68,60,0.003735,1.0,1.0,1.0,0.8043,0.717,0.6939,0.874,0.8381,0.8381
68,65,0.002399,1.0,1.0,1.0,0.8077,0.6939,0.6939,0.8682,0.8113,0.8095
68,70,0.000667,1.0,1.0,1.0,0.8027,0.6939,0.6939,0.8646,0.819,0.819
68,75,0.000522,1.0,1.0,1.0,0.806,0.7451,0.7347,0.8693,0.7963,0.7905
68,80,0.000985,1.0,1.0,1.0,0.8127,0.7547,0.7347,0.8816,0.8288,0.819
68,85,0.001211,1.0,1.0,1.0,0.7977,0.7407,0.7143,0.8776,0.807,0.7905
68,90,0.000969,1.0,1.0,1.0,0.801,0.7636,0.7347,0.8769,0.807,0.7905
68,95,0.000617,1.0,1.0,1.0,0.786,0.75,0.7143,0.8893,0.8174,0.8
68,100,0.000428,1.0,1.0,1.0,0.786,0.7037,0.6735,0.8911,0.8214,0.8095
68,105,0.000134,1.0,1.0,1.0,0.7993,0.717,0.6939,0.8951,0.8333,0.8286
68,110,0.000123,1.0,1.0,1.0,0.7659,0.6792,0.6531,0.8885,0.8364,0.8286
68,115,0.000104,1.0,1.0,1.0,0.7759,0.6923,0.6735,0.8922,0.844,0.8381
68,120,7.5e-05,1.0,1.0,1.0,0.8027,0.717,0.6939,0.9009,0.8545,0.8476
68,125,3.4e-05,1.0,1.0,1.0,0.7926,0.7308,0.7143,0.898,0.844,0.8381
68,130,2.2e-05,1.0,1.0,1.0,0.7793,0.72,0.7143,0.8911,0.8257,0.819
68,135,1.1e-05,1.0,1.0,1.0,0.7893,0.7451,0.7347,0.8765,0.7963,0.7905
68,140,3e-05,1.0,1.0,1.0,0.791,0.7451,0.7347,0.8598,0.7706,0.7619
68,145,1.8e-05,1.0,1.0,1.0,0.7759,0.7308,0.7143,0.8253,0.7455,0.7333
68,150,1.5e-05,1.0,1.0,1.0,0.7843,0.7451,0.7347,0.8413,0.7928,0.781
68,155,4e-06,1.0,1.0,1.0,0.8177,0.72,0.7143,0.8707,0.8182,0.8095
68,160,1.1e-05,1.0,1.0,1.0,0.8211,0.7451,0.7347,0.8765,0.8,0.7905
68,165,3.1e-05,1.0,1.0,1.0,0.8194,0.7451,0.7347,0.878,0.8182,0.8095
68,170,2e-05,1.0,1.0,1.0,0.8211,0.72,0.7143,0.8747,0.8182,0.8095
68,175,0.0,1.0,1.0,1.0,0.8161,0.7451,0.7347,0.8671,0.8,0.8
68,180,0.0,1.0,1.0,1.0,0.8127,0.7451,0.7347,0.8591,0.7963,0.7905
68,185,0.0,1.0,1.0,1.0,0.8294,0.7059,0.6939,0.8755,0.8036,0.7905
68,190,1e-06,1.0,1.0,1.0,0.8294,0.7059,0.6939,0.8827,0.8246,0.8095
68,195,0.0,1.0,1.0,1.0,0.8211,0.7308,0.7143,0.8838,0.8246,0.8095
68,200,0.0,1.0,1.0,1.0,0.8077,0.7308,0.7143,0.8762,0.8214,0.8095
68,205,1e-06,1.0,1.0,1.0,0.801,0.717,0.6939,0.8675,0.8182,0.8095
52,5,0.238852,0.8353,0.7598,0.7179,0.6839,0.6415,0.6122,0.8279,0.752,0.7048
52,10,0.203487,0.8821,0.806,0.8,0.7458,0.7143,0.7551,0.8373,0.7611,0.7429
52,15,0.150202,0.9585,0.8768,0.8718,0.7876,0.7619,0.7959,0.8464,0.7339,0.7238
52,20,0.125474,0.9981,0.9901,0.9897,0.8294,0.7727,0.7959,0.8562,0.7723,0.781
52,25,0.091712,1.0,1.0,1.0,0.8495,0.7556,0.7755,0.841,0.7885,0.7905
52,30,0.056168,1.0,1.0,1.0,0.8645,0.7391,0.7551,0.8442,0.7647,0.7714
52,35,0.033464,1.0,1.0,1.0,0.8763,0.766,0.7755,0.8471,0.7664,0.7619
52,40,0.02217,1.0,1.0,1.0,0.8846,0.766,0.7755,0.8471,0.7692,0.7714
52,45,0.016259,1.0,1.0,1.0,0.8696,0.75,0.7551,0.8337,0.7619,0.7619
52,50,0.004773,1.0,1.0,1.0,0.8829,0.7347,0.7347,0.8326,0.7547,0.7524
52,55,0.002831,1.0,1.0,1.0,0.8846,0.75,0.7551,0.8417,0.7455,0.7333
52,60,0.003847,1.0,1.0,1.0,0.9114,0.7755,0.7755,0.846,0.729,0.7238
52,65,0.001353,1.0,1.0,1.0,0.8913,0.76,0.7551,0.846,0.7429,0.7429
52,70,0.001326,1.0,1.0,1.0,0.8729,0.76,0.7551,0.8424,0.7778,0.7714
52,75,0.000965,1.0,1.0,1.0,0.8846,0.7843,0.7755,0.8362,0.7593,0.7524
52,80,0.000355,1.0,1.0,1.0,0.8829,0.7843,0.7755,0.8497,0.7748,0.7619
52,85,0.000306,1.0,1.0,1.0,0.8696,0.7843,0.7755,0.8508,0.7679,0.7524
52,90,0.000236,1.0,1.0,1.0,0.8478,0.7308,0.7143,0.8366,0.7636,0.7524
52,95,0.000338,1.0,1.0,1.0,0.8562,0.7547,0.7347,0.8399,0.7636,0.7524
52,100,0.005051,1.0,1.0,1.0,0.8679,0.7778,0.7551,0.8428,0.7679,0.7524
52,105,0.000188,1.0,1.0,1.0,0.8545,0.7451,0.7347,0.8286,0.7568,0.7429
52,110,7.5e-05,1.0,1.0,1.0,0.8612,0.7843,0.7755,0.825,0.7568,0.7429
52,115,6.4e-05,1.0,1.0,1.0,0.8796,0.7843,0.7755,0.8181,0.7407,0.7333
52,120,3.1e-05,1.0,1.0,1.0,0.8896,0.7917,0.7959,0.8384,0.7523,0.7429
52,125,0.00011,1.0,1.0,1.0,0.8813,0.7917,0.7959,0.8515,0.7593,0.7524
52,130,5.6e-05,1.0,1.0,1.0,0.8813,0.76,0.7551,0.8366,0.7407,0.7333
52,135,7e-06,1.0,1.0,1.0,0.8863,0.7755,0.7755,0.8232,0.7103,0.7048
52,140,2.7e-05,1.0,1.0,1.0,0.9064,0.7917,0.7959,0.8228,0.717,0.7143
52,145,0.001198,1.0,1.0,1.0,0.8896,0.7755,0.7755,0.8199,0.7222,0.7143
52,150,4e-06,1.0,1.0,1.0,0.8829,0.7843,0.7755,0.8275,0.7339,0.7238
52,155,4e-06,1.0,1.0,1.0,0.8846,0.76,0.7551,0.8355,0.7455,0.7333
52,160,1.8e-05,1.0,1.0,1.0,0.8645,0.7843,0.7755,0.8442,0.7387,0.7238
52,165,7e-06,1.0,1.0,1.0,0.8696,0.7843,0.7755,0.8529,0.7523,0.7429
52,170,1e-06,1.0,1.0,1.0,0.8696,0.76,0.7551,0.8573,0.7544,0.7333
52,175,1e-06,1.0,1.0,1.0,0.8679,0.76,0.7551,0.8486,0.7387,0.7238
52,180,0.0,1.0,1.0,1.0,0.8829,0.7755,0.7755,0.8519,0.729,0.7238
52,185,0.0,1.0,1.0,1.0,0.8863,0.8163,0.8163,0.8588,0.7379,0.7429
52,190,1e-06,1.0,1.0,1.0,0.8763,0.8085,0.8163,0.8624,0.7451,0.7524
52,195,0.0,1.0,1.0,1.0,0.8746,0.7755,0.7755,0.8609,0.7525,0.7619
52,200,0.0,1.0,1.0,1.0,0.8746,0.76,0.7551,0.8555,0.7619,0.7619
52,205,0.000203,1.0,1.0,1.0,0.8813,0.76,0.7551,0.8482,0.7736,0.7714
52,210,1e-06,1.0,1.0,1.0,0.8997,0.8,0.7959,0.8511,0.7748,0.7619
52,215,0.0,1.0,1.0,1.0,0.8997,0.76,0.7551,0.8417,0.7593,0.7524
52,220,0.0,1.0,1.0,1.0,0.8946,0.7755,0.7755,0.833,0.75,0.7524
52,225,1e-06,1.0,1.0,1.0,0.888,0.76,0.7551,0.829,0.7573,0.7619
52,230,1e-06,1.0,1.0,1.0,0.8863,0.76,0.7551,0.829,0.75,0.7524
52,235,0.0,1.0,1.0,1.0,0.8813,0.7755,0.7755,0.8326,0.7619,0.7619
52,240,1e-06,1.0,1.0,1.0,0.8846,0.7755,0.7755,0.8359,0.7619,0.7619
52,245,0.0,1.0,1.0,1.0,0.893,0.76,0.7551,0.8431,0.7885,0.7905
52,250,0.0,1.0,1.0,1.0,0.893,0.76,0.7551,0.8406,0.7692,0.7714
52,255,0.0,1.0,1.0,1.0,0.8896,0.76,0.7551,0.8337,0.7692,0.7714
52,260,1.3e-05,1.0,1.0,1.0,0.8829,0.76,0.7551,0.8301,0.7619,0.7619
100,5,0.268154,0.8399,0.7263,0.7333,0.7559,0.72,0.7143,0.8112,0.7379,0.7429
100,10,0.227078,0.8954,0.8061,0.8051,0.7525,0.6939,0.6939,0.8297,0.7358,0.7333
100,15,0.189087,0.9524,0.8673,0.8667,0.7492,0.6939,0.6939,0.8431,0.7103,0.7048
100,20,0.144606,0.9914,0.9543,0.9538,0.7542,0.7347,0.7347,0.8504,0.7238,0.7238
100,25,0.105262,0.9998,0.99,0.9897,0.7559,0.7083,0.7143,0.8562,0.7525,0.7619
100,30,0.06857,1.0,0.995,0.9949,0.7793,0.68,0.6735,0.8631,0.7677,0.781
100,35,0.036045,1.0,1.0,1.0,0.7876,0.7059,0.6939,0.866,0.7692,0.7714
100,40,0.022843,1.0,1.0,1.0,0.7926,0.7308,0.7143,0.8729,0.7961,0.8
100,45,0.015662,1.0,1.0,1.0,0.7793,0.717,0.6939,0.8613,0.8,0.8
100,50,0.008933,1.0,1.0,1.0,0.786,0.7407,0.7143,0.8635,0.7736,0.7714
100,55,0.006767,1.0,1.0,1.0,0.7943,0.7308,0.7143,0.8682,0.7736,0.7714
100,60,0.002409,1.0,1.0,1.0,0.7893,0.7407,0.7143,0.8493,0.7664,0.7619
100,65,0.00385,1.0,1.0,1.0,0.8077,0.7407,0.7143,0.8693,0.7778,0.7714
100,70,0.001203,1.0,1.0,1.0,0.801,0.7308,0.7143,0.8769,0.7692,0.7714
100,75,0.000746,1.0,1.0,1.0,0.7776,0.6667,0.6531,0.8809,0.8039,0.8095
100,80,0.001799,1.0,1.0,1.0,0.7759,0.6923,0.6735,0.882,0.7843,0.7905
100,85,0.000428,1.0,1.0,1.0,0.786,0.717,0.6939,0.8878,0.7921,0.8
100,90,0.000276,1.0,1.0,1.0,0.811,0.7407,0.7143,0.8809,0.7925,0.7905
100,95,0.000185,1.0,1.0,1.0,0.8027,0.75,0.7143,0.8686,0.7723,0.781
100,100,0.000194,1.0,1.0,1.0,0.7926,0.75,0.7143,0.8704,0.7736,0.7714
100,105,0.000136,1.0,1.0,1.0,0.7843,0.7407,0.7143,0.8689,0.785,0.781
100,110,7.8e-05,1.0,1.0,1.0,0.7876,0.75,0.7143,0.8631,0.789,0.781
100,115,4.8e-05,1.0,1.0,1.0,0.7542,0.7636,0.7347,0.8508,0.7636,0.7524
100,120,2.6e-05,1.0,1.0,1.0,0.7525,0.7407,0.7143,0.8395,0.7664,0.7619
100,125,1.1e-05,1.0,1.0,1.0,0.7809,0.7547,0.7347,0.8693,0.789,0.781
100,130,0.000221,1.0,1.0,1.0,0.7809,0.7407,0.7143,0.8802,0.8108,0.8
100,135,0.000193,1.0,1.0,1.0,0.7776,0.75,0.7143,0.8595,0.7818,0.7714
100,140,0.00047,1.0,1.0,1.0,0.7776,0.7407,0.7143,0.8377,0.7636,0.7524
100,145,7e-06,1.0,1.0,1.0,0.801,0.7407,0.7143,0.8439,0.75,0.7524
100,150,0.000105,1.0,1.0,1.0,0.8261,0.7308,0.7143,0.8588,0.7477,0.7429
100,155,5e-06,1.0,1.0,1.0,0.8278,0.7308,0.7143,0.8606,0.7358,0.7333
100,160,2.2e-05,1.0,1.0,1.0,0.8294,0.7308,0.7143,0.8519,0.7238,0.7238
100,165,4e-06,1.0,1.0,1.0,0.8227,0.7636,0.7347,0.8388,0.7451,0.7524
100,170,5e-06,1.0,1.0,1.0,0.8161,0.7636,0.7347,0.85,0.7451,0.7524
100,175,1e-06,1.0,1.0,1.0,0.8127,0.7407,0.7143,0.8337,0.7767,0.781
100,180,2e-06,1.0,1.0,1.0,0.7977,0.7273,0.6939,0.8326,0.7547,0.7524
100,185,0.003418,1.0,1.0,1.0,0.8227,0.7407,0.7143,0.8548,0.7523,0.7429
100,190,1e-06,1.0,1.0,1.0,0.8395,0.7407,0.7143,0.866,0.7928,0.781
100,195,3e-06,1.0,1.0,1.0,0.8395,0.7407,0.7143,0.8682,0.789,0.781
100,200,3.3e-05,1.0,1.0,1.0,0.8395,0.7407,0.7143,0.8609,0.7477,0.7429
100,205,0.0,1.0,1.0,1.0,0.8311,0.7407,0.7143,0.8588,0.7238,0.7238
100,210,0.0,1.0,1.0,1.0,0.8227,0.7407,0.7143,0.8515,0.7308,0.7333
100,215,3e-06,1.0,1.0,1.0,0.801,0.7407,0.7143,0.8453,0.7451,0.7524
100,220,0.0,1.0,1.0,1.0,0.7943,0.717,0.6939,0.842,0.7451,0.7524
100,225,0.0,1.0,1.0,1.0,0.791,0.7407,0.7143,0.8442,0.7573,0.7619
100,230,0.0,1.0,1.0,1.0,0.801,0.7407,0.7143,0.8453,0.7573,0.7619
100,235,3e-06,1.0,1.0,1.0,0.8094,0.6923,0.6735,0.8475,0.7547,0.7524
100,240,0.0,1.0,1.0,1.0,0.8194,0.6923,0.6735,0.8482,0.7593,0.7524
100,245,0.0,1.0,1.0,1.0,0.8177,0.717,0.6939,0.854,0.7636,0.7524
100,250,0.0,1.0,1.0,1.0,0.801,0.7636,0.7347,0.8656,0.7928,0.781
100,255,0.0,1.0,1.0,1.0,0.796,0.75,0.7143,0.8704,0.8108,0.8
100,260,0.0,1.0,1.0,1.0,0.796,0.75,0.7143,0.8762,0.8182,0.8095
100,265,0.0,1.0,1.0,1.0,0.7977,0.75,0.7143,0.8762,0.8108,0.8
100,270,0.0,1.0,1.0,1.0,0.796,0.7273,0.6939,0.8762,0.8224,0.819
100,275,0.0,1.0,1.0,1.0,0.8043,0.7273,0.6939,0.8704,0.7925,0.7905
100,280,0.0,1.0,1.0,1.0,0.8077,0.7273,0.6939,0.8653,0.781,0.781
100,285,0.0,1.0,1.0,1.0,0.8094,0.75,0.7143,0.8595,0.7692,0.7714
100,290,0.0,1.0,1.0,1.0,0.811,0.75,0.7143,0.8573,0.7692,0.7714
100,295,0.0,1.0,1.0,1.0,0.8144,0.75,0.7143,0.8555,0.7619,0.7619
100,300,0.0,1.0,1.0,1.0,0.8144,0.75,0.7143,0.8569,0.7736,0.7714
100,305,0.0,1.0,1.0,1.0,0.8127,0.7273,0.6939,0.8707,0.7963,0.7905
100,310,0.0,1.0,1.0,1.0,0.8144,0.7273,0.6939,0.8765,0.8037,0.8
100,315,0.0,1.0,1.0,1.0,0.8161,0.7037,0.6735,0.8762,0.789,0.781
100,320,0.0,1.0,1.0,1.0,0.8194,0.717,0.6939,0.8715,0.789,0.781
100,325,1.3e-05,1.0,1.0,1.0,0.8211,0.717,0.6939,0.8642,0.785,0.781
100,330,2.8e-05,1.0,1.0,1.0,0.8094,0.717,0.6939,0.8537,0.7573,0.7619
100,335,0.0,1.0,1.0,1.0,0.806,0.717,0.6939,0.8406,0.7429,0.7429
100,340,0.0,1.0,1.0,1.0,0.8094,0.7407,0.7143,0.845,0.7429,0.7429
100,345,0.0,1.0,1.0,1.0,0.8094,0.7407,0.7143,0.8468,0.729,0.7238
100,350,0.0,1.0,1.0,1.0,0.801,0.7407,0.7143,0.8439,0.729,0.7238
100,355,0.0,1.0,1.0,1.0,0.796,0.7636,0.7347,0.8428,0.729,0.7238
100,360,0.0,1.0,1.0,1.0,0.8027,0.7636,0.7347,0.8424,0.729,0.7238
100,365,0.0,1.0,1.0,1.0,0.811,0.7407,0.7143,0.8446,0.7477,0.7429
100,370,0.0,1.0,1.0,1.0,0.811,0.7407,0.7143,0.8431,0.7477,0.7429
100,375,0.0,1.0,1.0,1.0,0.8194,0.7407,0.7143,0.8515,0.7407,0.7333
100,380,0.0,1.0,1.0,1.0,0.8194,0.7636,0.7347,0.8558,0.729,0.7238
100,385,0.0,1.0,1.0,1.0,0.8227,0.7636,0.7347,0.8573,0.7358,0.7333
100,390,0.0,1.0,1.0,1.0,0.8328,0.7636,0.7347,0.8588,0.7358,0.7333
