hidden_channels,lr,weight_decay,dropout,focal_gamma,focal_alpha,epochs,mean_auc,std_auc,mean_f1,mean_acc
128,0.0002,0.0001,0.5,1,0.5,700,0.9944247437636967,0.001758487327014283,0.9629504030651113,0.9639879558380728
128,0.0002,1e-05,0.3,2,0.75,700,0.9940710054775904,0.0033587741708361357,0.966362165863783,0.9672532619605219
256,0.0002,0.0001,0.3,1,0.5,700,0.9937437047039108,0.0021509482975116704,0.9640683638107488,0.964814319170291
256,0.0002,0.0001,0.3,1,0.75,700,0.9937174856833222,0.0023083395047970605,0.9642339182899289,0.964814319170291
128,0.0002,1e-05,0.3,1,0.5,1000,0.99371158640369,0.004083986187438033,0.9657776582307545,0.9664469722315155
256,0.0002,1e-05,0.5,1,0.5,1000,0.9935018342389819,0.002651313800199697,0.9590833330506069,0.9598996319839411
256,0.0002,0.0001,0.5,1,0.5,1000,0.99325417374034,0.004170356990321854,0.9640443213570411,0.9648076279692205
128,0.0002,0.0001,0.5,1,0.5,1000,0.9932474004933546,0.0015824293972626535,0.9520174052894591,0.9533623285379725
256,0.0002,0.0001,0.3,1,0.75,1000,0.9932447785912958,0.0032935180963262504,0.9633734015864235,0.9639979926396789
256,0.0002,1e-05,0.3,2,0.75,1000,0.9932304673758912,0.0028548316030925906,0.96009704072816,0.9607159585145533
512,0.0002,0.0001,0.3,2,0.75,1000,0.9931920128123615,0.0028597533301382458,0.96423959559257,0.9648109735697558
128,0.0002,0.0001,0.5,2,0.75,1000,0.9931737687438685,0.003803446260427267,0.9552661743393829,0.9566309802609567
128,0.0002,1e-05,0.5,1,0.75,1000,0.9931618609386845,0.002901834398848204,0.9630775386641275,0.9639979926396789
128,0.0002,1e-05,0.3,2,0.5,1000,0.9930751196789045,0.0036037036237243337,0.9648097583427886,0.9656339913014387
128,0.0002,1e-05,0.3,1,0.75,1000,0.993028690163279,0.003508984323162889,0.9629710898932899,0.9639913014386083
256,0.0002,0.0001,0.5,1,0.75,1000,0.9930143789478745,0.0035974598957556453,0.9616215682750433,0.9623586483773838
128,0.0002,0.0001,0.3,1,0.5,1000,0.9930007232079845,0.003835057979047432,0.9644890700184513,0.9648210103713616
128,0.0002,1e-05,0.5,1,0.5,1000,0.9929751596629108,0.003311888473265587,0.9649407013120419,0.9656273001003679
128,0.0002,1e-05,0.3,1,0.75,700,0.9929612854311827,0.0031502002150309545,0.9572748782250364,0.9582569421211107
128,0.0002,1e-05,0.3,1,0.5,700,0.9929532012331681,0.0029732223597451306,0.965541131277656,0.9664469722315155
128,0.0002,1e-05,0.3,2,0.75,1000,0.9929398732310354,0.0033202098818815675,0.9607467094856359,0.961545667447307
256,0.0002,0.0001,0.3,2,0.75,1000,0.9927918450106297,0.003122966820396139,0.9626755998962443,0.9631850117096018
512,0.0002,1e-05,0.3,1,0.75,1000,0.9927832145830193,0.0033864663334921435,0.9549451010249973,0.9550150552024089
128,0.0002,1e-05,0.3,2,0.75,400,0.9927364573296364,0.0032407559237192193,0.9605404729403453,0.9615389762462362
128,0.0002,0.0001,0.3,2,0.75,1000,0.9927253142458863,0.0025453758311279754,0.9632746130623382,0.9639946470391436
256,0.0002,1e-05,0.3,1,0.75,1000,0.992642068855518,0.0038080856645292165,0.9589218538377974,0.9599096687855472
256,0.0002,0.0001,0.3,1,0.5,1000,0.9926021940950396,0.0032008417947293533,0.9640957762761511,0.9648076279692205
256,0.0002,1e-05,0.5,1,0.5,700,0.9926000091766574,0.0036661013003491255,0.9573856788650976,0.9582669789227166
256,0.0002,0.0001,0.5,2,0.5,1000,0.9925941098970249,0.003929499666056881,0.9641221111459675,0.9648109735697558
256,0.0002,0.0001,0.3,1,0.75,400,0.9925803449112159,0.001748746815273258,0.9581752795254325,0.9590866510538643
128,0.0002,0.0001,0.3,1,0.75,1000,0.99257488261526,0.004375719870477383,0.9634392322146619,0.9639946470391436
512,0.0002,0.0001,0.3,1,0.5,700,0.9925523779559213,0.004070122526437773,0.9641247627870587,0.9648210103713616
512,0.0002,0.0001,0.3,1,0.75,1000,0.9925319489690463,0.0037722080711582655,0.9652499938516004,0.9656306457009034
512,0.0002,0.0001,0.3,1,0.75,400,0.9924603928920236,0.0019756797517442495,0.9539759129751527,0.9541853462696555
512,0.0002,1e-05,0.3,1,0.5,1000,0.9924585357113985,0.0025657374461167163,0.9621044997638805,0.9623586483773838
128,0.0002,0.0001,0.3,1,0.5,700,0.9923851224537505,0.003422083687176922,0.9560525760576397,0.957447306791569
512,0.0002,1e-05,0.3,2,0.5,1000,0.9923763827802212,0.0025279021626531044,0.961869248505273,0.9623619939779191
256,0.0002,0.0001,0.5,2,0.75,1000,0.9923699372709931,0.004826273536952441,0.9622109677236501,0.9631582469053195
256,0.0002,1e-05,0.3,2,0.5,1000,0.9923661136638241,0.0025413697057936153,0.9615301849207787,0.9623619939779189
128,0.0002,0.0001,0.3,2,0.5,1000,0.9923536596290445,0.003482622237959336,0.9605416327228713,0.961549013047842
256,0.0002,1e-05,0.5,1,0.75,700,0.9923506007433092,0.003654684394670989,0.9582130825676854,0.9590799598527935
256,0.0002,0.0001,0.3,2,0.5,1000,0.9923197933941177,0.003639314693254743,0.9630038383120046,0.9639879558380731
512,0.0002,0.0001,0.3,2,0.5,700,0.9923195749022795,0.00394499819190905,0.9602241276470123,0.9607259953161591
256,0.0002,1e-05,0.3,1,0.75,700,0.9923180454594117,0.00303540525651167,0.9640501264214068,0.9648009367681499
256,0.0002,1e-05,0.3,1,0.5,700,0.9923176084757355,0.003438075413352399,0.964147274524987,0.9648109735697558
512,0.0002,1e-05,0.5,2,0.75,1000,0.9923107259828308,0.003135635016122693,0.9629416513107831,0.9639879558380731
128,0.0002,0.0001,0.5,1,0.75,700,0.9923027510307353,0.004272744034363868,0.9581602175981339,0.959086651053864
128,0.0002,1e-05,0.5,1,0.5,400,0.9922235477393742,0.004463174374435684,0.9553999334479952,0.9566209434593509
512,0.0002,1e-05,0.5,1,0.75,1000,0.9922139340984918,0.0037154718643700618,0.9628421245041228,0.9631816661090665
512,0.0002,1e-05,0.3,1,0.75,700,0.9921749333053663,0.0034382526198334256,0.9596117979392659,0.9598962863834057
512,0.0002,0.0001,0.3,1,0.5,400,0.9921629162542633,0.0027749389149335744,0.9652186073087557,0.965637336901974
256,0.0002,0.0001,0.3,2,0.75,700,0.9921337475938588,0.0016287781064748296,0.9613426229022359,0.9623519571763133
512,0.0002,0.0001,0.5,2,0.5,1000,0.9921247894284908,0.0036936673970090522,0.9611074718357271,0.9615490130478422
512,0.0002,0.0001,0.3,1,0.5,1000,0.9920940913252185,0.004313274732925411,0.9642076833859032,0.9648176647708263
256,0.0002,0.0001,0.3,2,0.5,700,0.9920887382751816,0.003800340138988305,0.9622251426231084,0.9631649381063901
128,0.0002,1e-05,0.5,1,0.75,700,0.992062191516836,0.0038476721187853703,0.9613604878792662,0.9623586483773836
128,0.0002,1e-05,0.5,2,0.5,1000,0.9920477710555122,0.00301598512546135,0.9604793816260682,0.9615322850451655
128,0.0002,0.0001,0.3,2,0.5,700,0.992030947183968,0.004344478456825843,0.9664327582617037,0.9672632987621279
256,0.0002,0.0001,0.5,1,0.75,700,0.9920193671165414,0.004592326336297505,0.9624647655993821,0.9631716293074607
512,0.0002,0.0001,0.5,1,0.5,1000,0.9919868118326439,0.0035242545052895707,0.9604466842335937,0.9607293409166946
512,0.0002,0.0001,0.3,1,0.75,700,0.991985063897938,0.0031467147664717035,0.9667444288228401,0.9672632987621277
128,0.0002,0.0001,0.5,2,0.5,1000,0.9919808033070924,0.002910022737126098,0.9563547257324178,0.957447306791569
512,0.0002,0.0001,0.3,2,0.75,400,0.9919541473028275,0.0034538718952583586,0.9585647549901957,0.9590966878554701
512,0.0002,0.0001,0.3,2,0.5,1000,0.9919522901222024,0.00257558771573583,0.9634230650526389,0.9639946470391434
128,0.0002,0.0001,0.5,2,0.5,700,0.9919454076292981,0.002653970506775372,0.9510591690988669,0.9525359652057543
128,0.0002,1e-05,0.5,2,0.75,1000,0.9919442059241877,0.0027040030323935253,0.9594825224053875,0.9607159585145535
128,0.0002,1e-05,0.5,2,0.75,700,0.9919022554912461,0.003357517402911246,0.9574800923777044,0.9590732686517232
256,0.0002,0.0001,0.3,2,0.5,400,0.9919017092616504,0.004093243023215693,0.962327943835762,0.963174974907996
512,0.0002,1e-05,0.3,2,0.75,1000,0.991857901648084,0.002792488338697918,0.9642140292435721,0.9648210103713616
512,0.0002,1e-05,0.5,1,0.75,700,0.991855170500106,0.0038933063353100766,0.960783334705868,0.9615356306457009
128,0.0002,0.0001,0.5,1,0.75,1000,0.9917851438659507,0.0038957996562239824,0.9564403992570618,0.9574506523921043
256,0.0002,1e-05,0.5,2,0.5,1000,0.9917587063535243,0.003192608777554021,0.9596192913998159,0.960722649715624
256,0.0002,0.0001,0.5,1,0.75,400,0.9917470170401785,0.002647148594163784,0.9554892169502326,0.9566309802609568
256,0.0002,0.0001,0.3,1,0.5,400,0.9916787383407293,0.003731253146167962,0.9622517031431436,0.9631850117096018
128,0.0002,1e-05,0.3,1,0.75,400,0.9916530655497364,0.0027360878933777384,0.9587204630833238,0.959909668785547
256,0.0002,1e-05,0.5,2,0.75,1000,0.9916501159099201,0.004189408759282955,0.9600622406639004,0.960712612914018
128,0.0002,0.0001,0.3,2,0.5,400,0.9916330735465376,0.004109052926142942,0.9553705838477328,0.9566175978588156
256,0.0002,1e-05,0.5,1,0.75,1000,0.9916208380035962,0.004370748067460339,0.9612782461593475,0.9623553027768483
256,0.0002,0.0001,0.5,2,0.75,700,0.9916196362984862,0.004491145128532046,0.9566148945356863,0.9574406155904984
512,0.0002,0.0001,0.5,1,0.75,700,0.991617669871942,0.0029054589070528903,0.9573521481741984,0.9582703245232519
128,0.0002,0.0001,0.3,2,0.75,700,0.9915977871146623,0.0036460435966385865,0.957235453591154,0.9582770157243224
256,0.0002,1e-05,0.3,1,0.5,1000,0.9915966946554711,0.003976234636136589,0.9607697198463476,0.9615423218467715
512,0.0002,1e-05,0.3,1,0.5,700,0.9915749547175665,0.0029633189658418604,0.9615423855495273,0.9623586483773836
512,0.0002,1e-05,0.5,1,0.5,400,0.9915716773399929,0.0035516591781543645,0.9588651204121676,0.9599063231850116
128,0.0002,0.0001,0.3,1,0.75,700,0.9915595510429709,0.00361290869464109,0.9605730601626364,0.961549013047842
512,0.0002,1e-05,0.3,2,0.75,700,0.9914674567331536,0.004284017581597263,0.9623186493541305,0.963174974907996
512,0.0002,0.0001,0.5,2,0.75,1000,0.9914673474872346,0.002633625475352747,0.9613499032459487,0.9623586483773836
128,0.0002,1e-05,0.3,1,0.5,400,0.9914497588942565,0.003511444088920994,0.9564903511933105,0.957447306791569
128,0.001,0.0001,0.5,1,0.5,1000,0.9914350106951755,0.004554553275268679,0.9565577598204381,0.9574406155904984
256,0.0002,1e-05,0.3,2,0.75,400,0.9913927325244766,0.004474814338503334,0.9583170820887886,0.9590732686517229
128,0.0002,1e-05,0.3,2,0.5,400,0.9913255462842185,0.004051332166650106,0.9519528451595398,0.9533589829374373
256,0.0002,1e-05,0.3,2,0.5,700,0.99128818417988,0.002778354191157647,0.9584319508594856,0.9590866510538643
128,0.0002,1e-05,0.5,1,0.5,700,0.99128818417988,0.003428993778235972,0.9620810195267084,0.963174974907996
512,0.0002,1e-05,0.3,1,0.5,400,0.9912678644389239,0.004598176469790492,0.9631522433528336,0.9639946470391436
512,0.0002,0.0001,0.5,2,0.75,700,0.9912616374215342,0.004144046786135474,0.9595795745327352,0.9599096687855472
256,0.0002,0.0001,0.5,1,0.5,700,0.9912311578101001,0.004259652370246524,0.9571615267819906,0.9582636333221813
512,0.0002,1e-05,0.5,2,0.75,700,0.9912213256773793,0.004259304177005292,0.9568890698201843,0.9582669789227166
512,0.0002,1e-05,0.5,1,0.5,1000,0.9912147709222321,0.002988464910994446,0.9641656103349308,0.9648210103713616
256,0.0002,1e-05,0.5,1,0.75,400,0.991177736555651,0.0034594476476437724,0.9599278945964873,0.9607193041150885
512,0.0002,1e-05,0.3,2,0.5,700,0.9911757701291067,0.0031726623728101427,0.9569261354169256,0.9574606891937101
512,0.0002,0.0001,0.5,1,0.75,400,0.9911153571358341,0.0029863136742701198,0.9560441821902593,0.9566309802609567
128,0.001,0.0001,0.3,1,0.5,700,0.9911080376592531,0.004118411616767463,0.956170383634241,0.9566276346604216
512,0.0002,1e-05,0.5,1,0.5,700,0.9910481708955761,0.004248188531394839,0.9588769714110326,0.9590899966543995
512,0.0002,0.0001,0.5,2,0.5,700,0.9910481708955761,0.004057122262398228,0.9558714362397283,0.9566276346604214
256,0.0002,1e-05,0.3,2,0.75,700,0.9910268679413481,0.004041896551917745,0.9529422405239399,0.9541686182669789
512,0.0002,0.0001,0.3,2,0.5,400,0.9910174727923039,0.004201022318520114,0.9625417856859579,0.963174974907996
512,0.0002,1e-05,0.3,2,0.75,400,0.9910105902993994,0.0035730012360566717,0.9624661980216459,0.9631716293074607
128,0.0002,0.0001,0.3,2,0.75,400,0.9909916907553917,0.002760868919887442,0.9580073474623123,0.959083305453329
128,0.0002,0.0001,0.3,1,0.75,400,0.9909394712060531,0.0032032078193028465,0.9571424843104669,0.9582703245232519
128,0.0002,0.0001,0.5,1,0.75,400,0.9909301853029279,0.003454255449297111,0.9536333625903908,0.954994981599197
512,0.0002,0.0001,0.3,2,0.75,700,0.9908864869352805,0.0042581881248868825,0.9619880044371201,0.9623619939779189
256,0.0002,1e-05,0.3,1,0.5,400,0.9908744698841774,0.0030687861333444696,0.9557098110348372,0.9566343258614921
128,0.0002,0.0001,0.5,2,0.5,400,0.9908729404413098,0.004084605462575263,0.951453402550943,0.9533522917363667
512,0.0002,0.0001,0.5,1,0.75,1000,0.9908727219494716,0.0035665329947548266,0.9588986142226062,0.9599029775844764
128,0.0002,0.0001,0.5,2,0.75,700,0.9908258554501697,0.0028065922904333272,0.9585442938971525,0.959909668785547
512,0.0002,1e-05,0.5,2,0.75,400,0.990817989743993,0.0034679105921214736,0.9606995375311149,0.9615255938440951
512,0.0002,1e-05,0.3,1,0.75,400,0.9907471983884044,0.004180688251980489,0.9605029937298617,0.9607326865172299
128,0.0002,0.0001,0.3,1,0.5,400,0.9907471983884042,0.004469087715414365,0.9620058192398618,0.9631783205085312
128,0.0002,1e-05,0.5,2,0.5,700,0.9907414083546909,0.002925456833070017,0.9561510160398854,0.957447306791569
512,0.0002,1e-05,0.5,2,0.5,1000,0.9907392234363085,0.004402885029240926,0.9609311573418813,0.9615423218467715
256,0.0002,1e-05,0.3,2,0.5,400,0.9906241874834766,0.004558777013440082,0.9600030961631519,0.9607326865172299
128,0.001,1e-05,0.5,1,0.75,700,0.9905445472084391,0.004765053938930918,0.956631130724482,0.9574372699899631
256,0.001,1e-05,0.3,1,0.75,700,0.9905139583510858,0.0030678108762056955,0.9603206540102075,0.9607226497156238
512,0.0002,1e-05,0.5,2,0.5,700,0.990467201097703,0.004991735123004936,0.9574365739584005,0.9582636333221813
256,0.0002,0.0001,0.5,2,0.5,700,0.9904096284983274,0.0022218972766450402,0.9572282090730185,0.9582703245232519
128,0.0002,1e-05,0.3,2,0.5,700,0.990402746005423,0.005035491337203893,0.9594676208567187,0.9607293409166946
512,0.0002,1e-05,0.5,1,0.75,400,0.9903814430511948,0.004773010466737254,0.9591518960682034,0.9599063231850117
128,0.0002,0.0001,0.5,2,0.75,400,0.9903556610142829,0.0027071685069866864,0.9496724643141569,0.9517229842756775
256,0.0002,0.0001,0.5,2,0.75,400,0.9903534760959003,0.004278258696329824,0.9506053107222675,0.9517229842756775
256,0.0002,1e-05,0.5,1,0.5,400,0.9903346857978119,0.004626794712229891,0.9598502549042147,0.9607293409166946
128,0.0002,1e-05,0.5,1,0.75,400,0.9903138198272604,0.003705676543672066,0.9527547889970982,0.9541719638675141
256,0.0002,1e-05,0.5,2,0.75,400,0.9903110886792824,0.0031796129088144174,0.9527109553443573,0.9541719638675141
512,0.0002,1e-05,0.3,2,0.5,400,0.9902889117577012,0.0027582183403837904,0.9534756371684476,0.9541886918701907
128,0.001,0.0001,0.5,1,0.75,1000,0.9902539530635833,0.004608725138629907,0.9524507439828991,0.9533623285379725
128,0.001,1e-05,0.3,1,0.75,1000,0.9902156077459727,0.0037191744402618318,0.9577753203705495,0.9582736701237872
256,0.0002,1e-05,0.3,1,0.75,400,0.9902059941050902,0.003799127362687905,0.9572510571693609,0.9582736701237874
256,0.0002,0.0001,0.3,2,0.75,400,0.9900685627388389,0.005194641597716896,0.9569488252333441,0.958260287721646
128,0.001,1e-05,0.3,1,0.75,400,0.9900681257551623,0.004306269874081868,0.9560454959500779,0.9566209434593509
128,0.001,0.0001,0.3,1,0.5,1000,0.9900679072633242,0.0041780597238849,0.9558518696326631,0.9566309802609567
128,0.001,0.0001,0.3,2,0.5,700,0.9900286879783605,0.004538331590737308,0.9568419190315953,0.9574439611910339
128,0.001,1e-05,0.3,1,0.5,700,0.9900154692221472,0.0039292346250951226,0.956109813156736,0.9566309802609568
256,0.0002,1e-05,0.5,2,0.5,400,0.9899942755138383,0.002892879885602444,0.9531998839513613,0.9550050184008029
256,0.0002,1e-05,0.5,2,0.75,700,0.9899635774105657,0.004892317343131277,0.9579299617071548,0.9590866510538643
128,0.001,1e-05,0.3,2,0.75,700,0.9899407450134701,0.0015197672681915516,0.9551505274112169,0.9558146537303447
512,0.0002,0.0001,0.5,2,0.75,400,0.9899359381930287,0.0036531073433465713,0.9591703645221017,0.9598996319839411
128,0.001,0.0001,0.3,1,0.75,1000,0.9899060048111903,0.004046249809598419,0.9548375403450337,0.9558079625292739
128,0.001,0.0001,0.5,2,0.5,700,0.9898509448679544,0.004102760438661682,0.9596527724164396,0.9607159585145533
128,0.0002,0.0001,0.5,1,0.5,400,0.9898424236862631,0.006155912675048993,0.9560352870630509,0.957447306791569
128,0.001,0.0001,0.3,1,0.75,700,0.9898243981096086,0.003898707612736378,0.9593788210904076,0.9598929407828706
256,0.001,0.0001,0.3,1,0.75,400,0.9898060447951968,0.004010114531634993,0.9495176350732908,0.9500936768149885
128,0.001,1e-05,0.3,1,0.5,1000,0.9898029859094614,0.004726001946616034,0.9574182311812116,0.958260287721646
128,0.001,1e-05,0.5,1,0.5,1000,0.9897784055776595,0.0036380139991674903,0.9566295340155649,0.9574439611910337
512,0.0002,0.0001,0.5,1,0.5,700,0.9897633296408213,0.004448473578948588,0.9600077744016939,0.9607259953161591
512,0.0002,0.0001,0.5,1,0.5,400,0.9897625649193875,0.003939436124257332,0.9611483167986068,0.961545667447307
128,0.001,0.0001,0.3,1,0.75,400,0.9896689411667026,0.00526504413642477,0.9573626666484994,0.9582803613248577
256,0.001,1e-05,0.5,1,0.75,1000,0.9896683949371072,0.005326545286572212,0.9561631770985051,0.9566309802609568
256,0.001,0.0001,0.5,1,0.5,1000,0.9896009902050109,0.0041826499910624405,0.9573409380996519,0.9582569421211108
256,0.0002,0.0001,0.5,1,0.5,400,0.9896003347294962,0.003962606192475259,0.9568537282038353,0.9582636333221813
256,0.001,1e-05,0.5,1,0.5,400,0.9895323837678044,0.005200939275511299,0.9566425365674082,0.9574539979926395
256,0.0002,0.0001,0.5,2,0.5,400,0.9894663992326567,0.004764228879256353,0.9590859187126994,0.9599063231850117
128,0.001,0.0001,0.3,2,0.75,1000,0.9894471719508917,0.006372279098106707,0.9591959443275643,0.9598996319839411
512,0.0002,0.0001,0.5,2,0.5,400,0.9893635988227659,0.0042078078885846686,0.9514197717592008,0.9525460020073604
256,0.001,1e-05,0.5,1,0.5,1000,0.9893401109501555,0.006097622014247389,0.9607726188776043,0.9615389762462362
128,0.001,1e-05,0.3,2,0.75,1000,0.9893397832123982,0.006968307628980189,0.9566129213831587,0.957447306791569
128,0.001,0.0001,0.5,2,0.75,1000,0.9893153121265155,0.0043201422602861085,0.9548804890452163,0.9558146537303445
256,0.001,0.0001,0.3,1,0.5,400,0.9892602521832796,0.004277824055890534,0.9532107421931709,0.9533589829374373
256,0.001,1e-05,0.5,1,0.75,700,0.9892014778787939,0.004258910191462618,0.9530446298916788,0.9541786550685849
256,0.0002,1e-05,0.5,2,0.5,700,0.9891685948571391,0.004586834624703717,0.9539652645240542,0.9549983271997323
128,0.001,0.0001,0.3,2,0.5,400,0.9891301402936094,0.004752716188138027,0.952628837837197,0.9533522917363666
256,0.001,0.0001,0.3,1,0.5,1000,0.9891253334731681,0.004105969576419675,0.9535158723312283,0.9541753094680494
128,0.001,1e-05,0.5,1,0.75,400,0.9891023918301534,0.003984911290120114,0.9520613797828987,0.9533656741385078
256,0.001,1e-05,0.3,2,0.75,1000,0.989080214908572,0.004919949895330244,0.9552312904267151,0.9558113081298092
256,0.001,1e-05,0.3,1,0.5,700,0.9890680886115499,0.0030905353398815436,0.9530973384817809,0.9541786550685847
512,0.0002,1e-05,0.5,2,0.5,400,0.9890628448074322,0.004888581182567437,0.953069909265239,0.9541786550685847
512,0.001,0.0001,0.5,1,0.75,1000,0.9890066924050052,0.0022099334377580506,0.9557272371630516,0.9566343258614921
256,0.001,1e-05,0.5,2,0.75,1000,0.9889561115444533,0.0032838846032309473,0.9574023147113412,0.9582669789227165
256,0.001,0.0001,0.3,2,0.5,1000,0.9889312034748942,0.003916047066750647,0.9548973634302282,0.9558179993308797
128,0.0002,1e-05,0.5,2,0.5,400,0.9889195141615483,0.004480644835930624,0.9551766486987882,0.9566309802609568
128,0.001,1e-05,0.5,1,0.5,700,0.988891328714416,0.0034800288821311984,0.9595399412255142,0.9607193041150885
128,0.001,1e-05,0.5,2,0.75,1000,0.9888829167786437,0.005412557664778652,0.950878538036924,0.9517162930746068
128,0.001,1e-05,0.5,1,0.5,400,0.9888740678591951,0.006862211825761406,0.9562486468256987,0.9574539979926395
128,0.001,0.0001,0.3,1,0.5,400,0.9888517816916949,0.004716752210778182,0.9510077138970676,0.9517229842756775
128,0.001,1e-05,0.5,2,0.75,700,0.9887424265266571,0.0049659536976982615,0.9538502765877578,0.954994981599197
256,0.001,1e-05,0.5,2,0.5,700,0.9887275690816569,0.00597561180556539,0.9625089453396072,0.963174974907996
128,0.001,0.0001,0.5,2,0.5,400,0.98869992986412,0.004213554905674769,0.9537465699722654,0.9549882903981264
128,0.001,0.0001,0.5,2,0.75,700,0.9886886775344508,0.005087652675689852,0.953842441168591,0.9549882903981264
128,0.001,0.0001,0.5,1,0.75,700,0.9886691225149284,0.005974047620003561,0.9531425488510546,0.9541719638675141
256,0.001,1e-05,0.3,1,0.5,1000,0.9886543743158474,0.005031006078916675,0.9549737195203567,0.9550050184008029
128,0.001,0.0001,0.5,1,0.75,400,0.9886417017892297,0.005663189727333623,0.9626826926374268,0.9631850117096018
128,0.001,0.0001,0.5,2,0.5,1000,0.9885910116827586,0.005324323184999668,0.9495074011862938,0.9509100033456004
256,0.001,1e-05,0.3,2,0.5,700,0.988558347152942,0.0036870587785823774,0.9535315812393084,0.9541753094680494
256,0.001,0.0001,0.5,2,0.75,1000,0.9885558344968024,0.005072206017814579,0.9558309913519615,0.9566343258614921
256,0.001,0.0001,0.5,2,0.5,700,0.9885411955436405,0.0030188313867646143,0.9533393070229959,0.9541753094680494
256,0.001,0.0001,0.5,1,0.75,400,0.9885386828875007,0.00528450389094359,0.9614906050619456,0.9623586483773838
256,0.001,1e-05,0.5,2,0.75,700,0.9885283045251845,0.00487736043027279,0.958203835520562,0.9590866510538643
128,0.001,1e-05,0.3,2,0.5,400,0.9885182539006255,0.0037296221911996396,0.9525001885960739,0.9533589829374373
128,0.001,1e-05,0.3,1,0.75,700,0.9885150857689711,0.004595352543582285,0.9506570545571955,0.9517162930746068
256,0.001,1e-05,0.5,1,0.5,700,0.9884723706145957,0.0055944176096019834,0.9556035350009331,0.9566343258614921
512,0.001,0.0001,0.5,1,0.5,700,0.9884584963828675,0.004166536289238274,0.9543981484560049,0.9549882903981264
256,0.001,0.0001,0.3,1,0.5,700,0.9884347900184188,0.004588078194101021,0.9543082169133237,0.9549983271997323
256,0.001,1e-05,0.5,1,0.75,400,0.9884129408345951,0.006213988251911581,0.95422112355776,0.954994981599197
512,0.001,0.0001,0.5,1,0.5,400,0.988391747126286,0.004968526027262801,0.9504552999206657,0.950893275342924
128,0.001,0.0001,0.5,1,0.5,400,0.9883520908576461,0.003486224447129904,0.9574317918706301,0.9582602877216461
512,0.001,1e-05,0.5,1,0.5,1000,0.9883454268565798,0.005114283157849641,0.9560851822639828,0.9566410170625627
256,0.001,0.0001,0.3,1,0.75,700,0.9883435696759548,0.0051839445024721735,0.9517819262842326,0.9525393108062896
128,0.001,1e-05,0.5,1,0.75,1000,0.9883276197717634,0.0049793341034091426,0.9520812902711995,0.9533656741385078
128,0.001,0.0001,0.3,2,0.75,400,0.9883231406890797,0.007537891902326313,0.952964190245703,0.9541753094680494
128,0.0002,1e-05,0.5,2,0.75,400,0.9883166951798514,0.004536103062771029,0.954287940775375,0.9558046169287386
256,0.001,1e-05,0.3,1,0.75,1000,0.9883118883594104,0.0048787235204101,0.9530456807361929,0.9533556373369019
512,0.001,1e-05,0.5,1,0.75,1000,0.9882859970765792,0.005279835847213477,0.9576660910774196,0.9582803613248577
256,0.001,0.0001,0.3,1,0.75,1000,0.988284795371469,0.004387042765431698,0.9525656863166827,0.9533690197390431
256,0.001,1e-05,0.5,2,0.5,1000,0.9882572653998508,0.0051557936985947,0.955741750672258,0.9566309802609567
512,0.001,1e-05,0.5,1,0.75,400,0.9882265672965787,0.0036108498719833967,0.9533589409424514,0.95418200066912
128,0.001,0.0001,0.3,2,0.5,1000,0.9882160796883432,0.0034752418738161718,0.9508694491795374,0.9517263298762128
128,0.001,1e-05,0.5,2,0.75,400,0.9882134577862844,0.0049749649149747775,0.9538519115103457,0.9549983271997323
256,0.001,0.0001,0.5,2,0.75,400,0.9881958691933063,0.004142894741670626,0.9526363332367108,0.953355637336902
256,0.001,1e-05,0.3,1,0.5,400,0.9881540280062839,0.004277869653656702,0.9553826284667275,0.9558246905319505
128,0.001,0.0001,0.5,1,0.5,700,0.9881529355470926,0.00464182234166017,0.9528060061898446,0.9533489461358314
256,0.001,0.0001,0.5,1,0.75,1000,0.9881387335776072,0.005194275524702144,0.9568557249657358,0.957447306791569
256,0.001,0.0001,0.3,2,0.75,700,0.9881321788224602,0.0045471578322882275,0.9525833156320033,0.9533623285379725
128,0.001,1e-05,0.3,2,0.75,400,0.9880513368423122,0.0037464499530136196,0.9581182840111568,0.9590899966543995
512,0.001,0.0001,0.5,1,0.75,400,0.9879696208948113,0.003979569828571361,0.955287206294531,0.9558079625292739
256,0.001,0.0001,0.5,1,0.75,700,0.9878844090778989,0.006403671038779954,0.9567041703050776,0.9574439611910337
128,0.001,1e-05,0.5,2,0.5,700,0.987857753073634,0.00552415191521739,0.9524839337252929,0.9541753094680494
256,0.001,1e-05,0.3,1,0.75,400,0.9878508705807294,0.004156589678145567,0.954297942905507,0.954994981599197
512,0.001,1e-05,0.5,1,0.5,700,0.9878213741825673,0.004123307880031517,0.9517937737166644,0.9525460020073604
128,0.001,1e-05,0.5,2,0.5,1000,0.9877844490619052,0.005477512247293766,0.9565485668271796,0.9574439611910337
512,0.001,0.0001,0.5,1,0.5,1000,0.9877644570587065,0.0043276907761999675,0.9503886084293546,0.9509066577450653
128,0.001,0.0001,0.3,2,0.75,700,0.9877459944983755,0.004474240931055209,0.9528128787036548,0.9541786550685849
128,0.001,1e-05,0.3,1,0.5,400,0.9876559758610217,0.004068077814810275,0.9491593807060072,0.950080294412847
128,0.001,1e-05,0.3,2,0.5,700,0.9876178490352494,0.004469915037917698,0.956267773162432,0.9574406155904984
128,0.001,1e-05,0.3,2,0.5,1000,0.9875986217534845,0.0038850142228616285,0.953217764081756,0.9541853462696555
256,0.001,1e-05,0.3,2,0.75,400,0.98748511524352,0.0033558499683691463,0.9472788195375837,0.9476346604215455
256,0.001,0.0001,0.5,2,0.75,700,0.9874806361608363,0.005717363760995521,0.9556637653736514,0.9566276346604216
512,0.001,1e-05,0.5,1,0.75,700,0.9874744091434463,0.005745405828615572,0.9530226789499793,0.9533690197390431
256,0.001,1e-05,0.3,2,0.5,400,0.9874390134656519,0.003839680236461443,0.9493096599839858,0.9500802944128471
256,0.001,0.0001,0.5,2,0.5,1000,0.9874296183166077,0.0050917433099455746,0.9540421010256352,0.954994981599197
256,0.001,1e-05,0.5,2,0.75,400,0.9873886510969383,0.004818609051241995,0.9515236614667675,0.9525393108062896
512,0.001,1e-05,0.5,2,0.5,700,0.9873505242711659,0.004507920969615491,0.9559053997039128,0.9566343258614921
512,0.001,0.0001,0.5,1,0.75,700,0.9872573375021577,0.00634028789919324,0.9481292939769792,0.9484409501505521
256,0.001,1e-05,0.3,2,0.5,1000,0.9871486378126345,0.005626029151666272,0.9514269225460023,0.9525393108062898
512,0.001,1e-05,0.5,2,0.5,1000,0.9871214355787739,0.004310651709590868,0.9550314318503903,0.9558079625292739
128,0.001,0.0001,0.5,2,0.75,400,0.9870534846170822,0.0045329140363000505,0.9518147019613916,0.953355637336902
256,0.001,0.0001,0.5,1,0.5,400,0.9870311984495818,0.005472294349738041,0.9588971779622391,0.9599029775844764
256,0.001,1e-05,0.5,2,0.5,400,0.9869927438860522,0.004561456184317279,0.9503358330462082,0.9517263298762128
256,0.001,0.0001,0.3,2,0.75,1000,0.9869380116805736,0.0032041469944070985,0.9517323205949564,0.9525460020073604
256,0.001,0.0001,0.5,2,0.5,400,0.9868791281301688,0.005958355928966684,0.9521299299089863,0.9533623285379725
256,0.001,0.0001,0.5,1,0.5,700,0.9868773801954628,0.005716494195544775,0.9513722703232279,0.9517162930746069
512,0.001,0.0001,0.5,2,0.75,1000,0.9868422030095066,0.006543369267663461,0.9534134314882978,0.9541853462696555
256,0.001,0.0001,0.3,2,0.5,700,0.9867490162404984,0.005901290122806234,0.9519711026340183,0.9525460020073604
256,0.001,1e-05,0.3,2,0.75,700,0.9865863490669305,0.005565013985244299,0.9527095874570624,0.9533623285379725
256,0.001,0.0001,0.3,2,0.75,400,0.9864774308855694,0.005199655072743241,0.9491991598403896,0.9500936768149882
512,0.001,1e-05,0.5,2,0.75,1000,0.9864414889781792,0.005931609859166567,0.9517532699033057,0.9525460020073602
512,0.001,1e-05,0.5,2,0.75,700,0.98637692463998,0.004726040349012849,0.9516907067594846,0.9525460020073604
512,0.001,0.0001,0.5,2,0.5,700,0.9863572603745387,0.00606385599362451,0.9513554462502147,0.9525393108062898
128,0.001,1e-05,0.5,2,0.5,400,0.9860816329206022,0.006136336930633441,0.9437499290152715,0.9451722984275678
512,0.001,0.0001,0.5,2,0.75,700,0.9858689311160781,0.005049427622914822,0.9530443702245854,0.9541719638675141
512,0.001,1e-05,0.5,1,0.5,400,0.9858374682913718,0.004652173175983592,0.9501300520208084,0.9509100033456006
512,0.001,0.0001,0.3,1,0.5,400,0.985740020931518,0.00429763193680372,0.9494483346826454,0.9500970224155235
512,0.001,1e-05,0.3,1,0.5,1000,0.985656229311554,0.007086227331871912,0.9428236497949556,0.943536299765808
256,0.001,0.0001,0.3,2,0.5,400,0.9856507670155981,0.00435530488858903,0.9482825528099541,0.94926731348277
512,0.001,0.0001,0.3,2,0.75,1000,0.9855534289016635,0.005836322622561269,0.9473289867974806,0.9484576781532285
512,0.001,0.0001,0.3,1,0.5,1000,0.985553210409825,0.0060309072302826275,0.9456341552595205,0.946002007360321
512,0.001,0.0001,0.5,2,0.75,400,0.9854773937419568,0.0065797269703659,0.9482773474784134,0.9492773502843761
512,0.001,1e-05,0.3,1,0.75,1000,0.9853480465737203,0.005307301298315391,0.951145239884536,0.9517263298762128
512,0.001,0.0001,0.3,1,0.75,400,0.9853196426347495,0.004491241510602629,0.9430154651167252,0.943536299765808
512,0.001,1e-05,0.5,2,0.75,400,0.9853078440754846,0.005432529540316192,0.9499265253372183,0.9509100033456006
512,0.001,0.0001,0.3,1,0.75,700,0.9852866503671756,0.005675508031647744,0.9455542549819862,0.946002007360321
512,0.001,1e-05,0.5,2,0.5,400,0.9852722299058518,0.005922571710487696,0.9507731940938484,0.9517229842756775
512,0.001,1e-05,0.3,1,0.75,700,0.9851570847071007,0.005106222293604856,0.9500920487420004,0.9509066577450651
512,0.001,1e-05,0.3,1,0.5,400,0.9850396453440482,0.00630001293158964,0.9453485987867529,0.9459919705587152
512,0.001,0.0001,0.5,2,0.5,1000,0.9848106658975754,0.004747389441959214,0.9559876182583998,0.9566410170625627
512,0.001,1e-05,0.3,1,0.75,400,0.9846570661352944,0.005451758323854372,0.9461550841669586,0.9468183338909334
512,0.001,1e-05,0.3,1,0.5,700,0.9846552089546694,0.005439065298332887,0.947193324876841,0.9476346604215455
512,0.001,0.0001,0.5,2,0.5,400,0.9845540472335657,0.006468260011651242,0.9500202545681619,0.9509133489461359
512,0.001,0.0001,0.3,1,0.75,1000,0.9844850038126826,0.0056008066125276266,0.9461859268879328,0.9468149882903981
512,0.001,0.0001,0.3,1,0.5,700,0.9843928002569463,0.0075223330660317955,0.9453809715783109,0.946002007360321
512,0.001,1e-05,0.3,2,0.5,1000,0.9840370955442959,0.005814621443432675,0.9471694908847204,0.9484509869521579
512,0.001,1e-05,0.3,2,0.75,1000,0.983905563457677,0.005697467382359458,0.9481854899636204,0.9492740046838406
512,0.001,1e-05,0.3,2,0.5,400,0.9835008073273424,0.0039697912596189915,0.9436501331287763,0.9451789896286383
512,0.001,0.0001,0.3,2,0.5,400,0.9830332347935142,0.004943951542254826,0.9472976521876149,0.9484476413516226
512,0.001,1e-05,0.3,2,0.75,700,0.9828232641369681,0.007348643910436331,0.9453184136583996,0.9468183338909334
512,0.001,0.0001,0.3,2,0.5,1000,0.9822583534892054,0.005518123846440992,0.9458973374666355,0.9468149882903981
512,0.001,0.0001,0.3,2,0.5,700,0.9820325421743871,0.005566784761326158,0.9373807794722827,0.9386383405821345
512,0.001,0.0001,0.3,2,0.75,700,0.9815232376994556,0.005703188120045705,0.9459074078967029,0.9468149882903981
512,0.001,1e-05,0.3,2,0.75,400,0.9814974556625436,0.00538630512014436,0.9462089680326111,0.9476313148210103
512,0.001,1e-05,0.3,2,0.5,700,0.9811598857724668,0.0063716038502546575,0.9480886161996178,0.9492773502843761
512,0.001,0.0001,0.3,2,0.75,400,0.9792876292106107,0.007360331634407948,0.9427767597426765,0.9443593174974907
